2,2,2,2,2,2;-4,9,-6,1;26,152,0,0,0,0,0,0,0,0,0,0,0,0,0,0,0,0,0,0,0,0,0,0,0,0,0,0,0,0,0,0,0,0,0,0,0,0,0,0,0,0,0,0,0,0,0,0,0,0,0,0,0,0,0,0,0,0,0,0,0,0,0,0,0,0,0,0,0,0,0,0,0,0,0,0,0,0,0,0,0,0,0,0,0,0,0,0,0,0,0,0,0,0,0,0,0,0,0,0,0,0,0,0,0,0,0,0,0,0,0,0,0,0,0,0,0,0,0,0,0,0,0,0,0,0,0,0,0,0,0,0,0,0,0,0,0,0,0,0,0,0,0,0,0,0,0,0,0,0,0,0,0,0,0,0,0,0,0,0,0,0,0,0,0,0,0,0,0,0,0,0,0,0,0,0,0,0,0,0,0,0,0,0,0,0,0,0,0,0,0,0,0,0,0,0,0,0,0,0,0,0,0,0,0,0,0,0,0,0,0,0,0,0,0,0,0,0,0,0,0,0,0,0,0,0,0,0,0,0,0,0,0,0,0,0,0,0,0,0,0,0,0,0,0,0,0,0,0,0,0,0;13,85,357,1119,2871,6383,12755,23477,40489,66241,103753,156675,229347,326859,455111,620873,831845,1096717,1425229,1828231,2317743,2907015,3610587,4444349,5425601,6573113,7907185,9449707,11224219,13255971,15571983,18201105,21174077,24523589,28284341,32493103,37188775,42412447,48207459,54619461,61696473,69488945,78049817,87434579,97701331,108910843,121126615,134414937,148844949,164488701,181421213,199720535,219467807,240747319,263646571,288256333,314670705,342987177,373306689,405733691,440376203,477345875,516758047,558731809,603390061,650859573,701271045,754759167,811462679,871524431,935091443,1002314965,1073350537,1148358049,1227501801,1310950563,1398877635,1491460907,1588882919,1691330921,1798996933,1912077805,2030775277,2155296039,2285851791,2422659303,2565940475,2715922397,2872837409,3036923161,3208422673,3387584395,3574662267,3769915779,3973610031,4186015793,4407409565,4638073637,4878296149,5128371151
3,3,2,2,2,2;-1,7,-7,1;26,184,0,0,0,0,0,0,0,0,0,0,0,0,0,0,0,0,0,0,0,0,0,0,0,0,0,0,0,0,0,0,0,0,0,0,0,0,0,0,0,0,0,0,0,0,0,0,0,0,0,0,0,0,0,0,0,0,0,0,0,0,0,0,0,0,0,0,0,0,0,0,0,0,0,0,0,0,0,0,0,0,0,0,0,0,0,0,0,0,0,0,0,0,0,0,0,0,0,0,0,0,0,0,0,0,0,0,0,0,0,0,0,0,0,0,0,0,0,0,0,0,0,0,0,0,0,0,0,0,0,0,0,0,0,0,0,0,0,0,0,0,0,0,0,0,0,0,0,0,0,0,0,0,0,0,0,0,0,0,0,0,0,0,0,0,0,0,0,0,0,0,0,0,0,0,0,0,0,0,0,0,0,0,0,0,0,0,0,0,0,0,0,0,0,0,0,0,0,0,0,0,0,0,0,0,0,0,0,0,0,0,0,0,0,0,0,0,0,0,0,0,0,0,0,0,0,0,0,0,0,0,0,0,0,0,0,0,0,0,0,0,0,0,0,0,0,0,0,0,0,0;15,101,427,1341,3443,7657,15303,28169,48583,79485,124499,188005,275211,392225,546127,745041,998207,1316053,1710267,2193869,2781283,3488409,4332695,5333209,6510711,7887725,9488611,11339637,13469051,15907153,18686367,21841313,25408879,29428293,33941195,38991709,44626515,50894921,57848935,65543337,74035751,83386717,93659763,104921477,117241579,130692993,145351919,161297905,178613919,197386421,217705435,239664621,263361347,288896761,316375863,345907577,377604823,411584589,447968003,486880405,528451419,572815025,620109631,670478145,724068047,781031461,841525227,905710973,973755187,1045829289,1122109703,1202777929,1288020615,1378029629,1473002131,1573140645,1678653131,1789753057,1906659471,2029597073,2158796287,2294493333,2436930299,2586355213,2743022115,2907191129,3079128535,3259106841,3447404855,3644307757,3850107171,4065101237,4289594683,4523898897,4768331999,5023218913,5288891439,5565688325,5853955339,6154045341
3,3,2,2,2,2;-4,2,11,-2,-7,1;26,156,0,0,0,0,0,0,0,0,0,0,0,0,0,0,0,0,0,0,0,0,0,0,0,0,0,0,0,0,0,0,0,0,0,0,0,0,0,0,0,0,0,0,0,0,0,0,0,0,0,0,0,0,0,0,0,0,0,0,0,0,0,0,0,0,0,0,0,0,0,0,0,0,0,0,0,0,0,0,0,0,0,0,0,0,0,0,0,0,0,0,0,0,0,0,0,0,0,0,0,0,0,0,0,0,0,0,0,0,0,0,0,0,0,0,0,0,0,0,0,0,0,0,0,0,0,0,0,0,0,0,0,0,0,0,0,0,0,0,0,0,0,0,0,0,0,0,0,0,0,0,0,0,0,0,0,0,0,0,0,0,0,0,0,0,0,0,0,0,0,0,0,0,0,0,0,0,0,0,0,0,0,0,0,0,0,0,0,0,0,0,0,0,0,0,0,0,0,0,0,0,0,0,0,0,0,0,0,0,0,0,0,0,0,0,0,0,0,0,0,0,0,0,0,0,0,0,0,0,0,0,0,0,0,0,0,0,0,0,0,0,0,0,0,0,0,0,0,0,0,0;15,107,469,1503,3905,8749,17571,32453,56107,91959,144233,218035,319437,455561,634663,866217,1160999,1531171,1990365,2553767,3238201,4062213,5046155,6212269,7584771,9189935,11056177,13214139,15696773,18539425,21779919,25458641,29618623,34305627,39568229,45457903,52029105,59339357,67449331,76422933,86327387,97233319,109214841,122349635,136719037,152408121,169505783,188104825,208302039,230198291,253898605,279512247,307152809,336938293,368991195,403438589,440412211,480048543,522488897,567879499,616371573,668121425,723290527,782045601,844558703,911007307,981574389,1056448511,1135823905,1219900557,1308884291,1402986853,1502425995,1607425559,1718215561,1835032275,1958118317,2087722729,2224101063,2367515465,2518234759,2676534531,2842697213,3017012167,3199775769,3391291493,3591869995,3801829197,4021494371,4251198223,4491280977,4742090459,5003982181,5277319425,5562473327,5859822961,6169755423,6492665915,6828957829,7179042831
3,3,2,2,2,2;-4,9,-7,1;19,156,0,0,0,0,0,0,0,0,0,0,0,0,0,0,0,0,0,0,0,0,0,0,0,0,0,0,0,0,0,0,0,0,0,0,0,0,0,0,0,0,0,0,0,0,0,0,0,0,0,0,0,0,0,0,0,0,0,0,0,0,0,0,0,0,0,0,0,0,0,0,0,0,0,0,0,0,0,0,0,0,0,0,0,0,0,0,0,0,0,0,0,0,0,0,0,0,0,0,0,0,0,0,0,0,0,0,0,0,0,0,0,0,0,0,0,0,0,0,0,0,0,0,0,0,0,0,0,0,0,0,0,0,0,0,0,0,0,0,0,0,0,0,0,0,0,0,0,0,0,0,0,0,0,0,0,0,0,0,0,0,0,0,0,0,0,0,0,0,0,0,0,0,0,0,0,0,0,0,0,0,0,0,0,0,0,0,0,0,0,0,0,0,0,0,0,0,0,0,0,0,0,0,0,0,0,0,0,0,0,0,0,0,0,0,0,0,0,0,0,0,0,0,0,0,0,0,0,0,0,0,0,0,0,0,0,0,0,0,0,0,0,0,0,0,0,0,0,0,0,0;15,107,469,1503,3905,8749,17571,32453,56107,91959,144233,218035,319437,455561,634663,866217,1160999,1531171,1990365,2553767,3238201,4062213,5046155,6212269,7584771,9189935,11056177,13214139,15696773,18539425,21779919,25458641,29618623,34305627,39568229,45457903,52029105,59339357,67449331,76422933,86327387,97233319,109214841,122349635,136719037,152408121,169505783,188104825,208302039,230198291,253898605,279512247,307152809,336938293,368991195,403438589,440412211,480048543,522488897,567879499,616371573,668121425,723290527,782045601,844558703,911007307,981574389,1056448511,1135823905,1219900557,1308884291,1402986853,1502425995,1607425559,1718215561,1835032275,1958118317,2087722729,2224101063,2367515465,2518234759,2676534531,2842697213,3017012167,3199775769,3391291493,3591869995,3801829197,4021494371,4251198223,4491280977,4742090459,5003982181,5277319425,5562473327,5859822961,6169755423,6492665915,6828957829,7179042831
3,3,3,3,2,2;-1,-2,10,-2,-8,1;89,184,0,0,0,0,0,0,0,0,0,0,0,0,0,0,0,0,0,0,0,0,0,0,0,0,0,0,0,0,0,0,0,0,0,0,0,0,0,0,0,0,0,0,0,0,0,0,0,0,0,0,0,0,0,0,0,0,0,0,0,0,0,0,0,0,0,0,0,0,0,0,0,0,0,0,0,0,0,0,0,0,0,0,0,0,0,0,0,0,0,0,0,0,0,0,0,0,0,0,0,0,0,0,0,0,0,0,0,0,0,0,0,0,0,0,0,0,0,0,0,0,0,0,0,0,0,0,0,0,0,0,0,0,0,0,0,0,0,0,0,0,0,0,0,0,0,0,0,0,0,0,0,0,0,0,0,0,0,0,0,0,0,0,0,0,0,0,0,0,0,0,0,0,0,0,0,0,0,0,0,0,0,0,0,0,0,0,0,0,0,0,0,0,0,0,0,0,0,0,0,0,0,0,0,0,0,0,0,0,0,0,0,0,0,0,0,0,0,0,0,0,0,0,0,0,0,0,0,0,0,0,0,0,0,0,0,0,0,0,0,0,0,0,0,0,0,0,0,0,0,0;17,127,567,1833,4785,10751,21631,40001,69217,113519,178135,269385,394785,563151,784703,1071169,1435889,1893919,2462135,3159337,4006353,5026143,6243903,7687169,9385921,11372687,13682647,16353737,19426753,22945455,26956671,31510401,36659921,42461887,48976439,56267305,64401905,73451455,83491071,94599873,106861089,120362159,135194839,151455305,169244257,188667023,209833663,232859073,257863089,284970591,314311607,346021417,380240657,417115423,456797375,499443841,545217921,594288591,646830807,703025609,763060225,827128175,895429375,968170241,1045563793,1127829759,1215194679,1307892009,1406162225,1510252927,1620418943,1736922433,1860032993,1990027759,2127191511,2271816777,2424203937,2584661327,2753505343,2931060545,3117659761,3313644191,3519363511,3735175977,3961448529,4198556895,4446885695,4706828545,4978788161,5263176463,5560414679,5870933449,6195172929,6533582895,6886622847,7254762113,7638479953,8038265663,8454618679,8888048681
3,3,3,3,2,2;-5,4,12,-4,-8,1;89,180,0,0,0,0,0,0,0,0,0,0,0,0,0,0,0,0,0,0,0,0,0,0,0,0,0,0,0,0,0,0,0,0,0,0,0,0,0,0,0,0,0,0,0,0,0,0,0,0,0,0,0,0,0,0,0,0,0,0,0,0,0,0,0,0,0,0,0,0,0,0,0,0,0,0,0,0,0,0,0,0,0,0,0,0,0,0,0,0,0,0,0,0,0,0,0,0,0,0,0,0,0,0,0,0,0,0,0,0,0,0,0,0,0,0,0,0,0,0,0,0,0,0,0,0,0,0,0,0,0,0,0,0,0,0,0,0,0,0,0,0,0,0,0,0,0,0,0,0,0,0,0,0,0,0,0,0,0,0,0,0,0,0,0,0,0,0,0,0,0,0,0,0,0,0,0,0,0,0,0,0,0,0,0,0,0,0,0,0,0,0,0,0,0,0,0,0,0,0,0,0,0,0,0,0,0,0,0,0,0,0,0,0,0,0,0,0,0,0,0,0,0,0,0,0,0,0,0,0,0,0,0,0,0,0,0,0,0,0,0,0,0,0,0,0,0,0,0,0,0,0;17,129,581,1887,4939,11115,22387,41429,71725,117677,184713,279395,409527,584263,814215,1111561,1490153,1965625,2555501,3279303,4158659,5217411,6481723,7980189,9743941,11806757,14205169,16978571,20169327,23822879,27987855,32716177,38063169,44087665,50852117,58422703,66869435,76266267,86691203,98226405,110958301,124977693,140379865,157264691,175736743,195905399,217884951,241794713,267759129,295907881,326375997,359303959,394837811,433129267,474335819,518620845,566153717,617109909,671671105,730025307,792366943,858896975,929823007,1005359393,1085727345,1171155041,1261877733,1358137855,1460185131,1568276683,1682677139,1803658741,1931501453,2066493069,2208929321,2359113987,2517358999,2683984551,2859319207,3043700009,3237472585,3440991257,3654619149,3878728295,4113699747,4359923683,4617799515,4887735997,5170151333,5465473285,5774139281,6096596523,6433302095,6784723071,7151336623,7533630129,7932101281,8347258193,8779619509,9229714511
3,3,3,3,2,2;4,-8,1;27,184,0,0,0,0,0,0,0,0,0,0,0,0,0,0,0,0,0,0,0,0,0,0,0,0,0,0,0,0,0,0,0,0,0,0,0,0,0,0,0,0,0,0,0,0,0,0,0,0,0,0,0,0,0,0,0,0,0,0,0,0,0,0,0,0,0,0,0,0,0,0,0,0,0,0,0,0,0,0,0,0,0,0,0,0,0,0,0,0,0,0,0,0,0,0,0,0,0,0,0,0,0,0,0,0,0,0,0,0,0,0,0,0,0,0,0,0,0,0,0,0,0,0,0,0,0,0,0,0,0,0,0,0,0,0,0,0,0,0,0,0,0,0,0,0,0,0,0,0,0,0,0,0,0,0,0,0,0,0,0,0,0,0,0,0,0,0,0,0,0,0,0,0,0,0,0,0,0,0,0,0,0,0,0,0,0,0,0,0,0,0,0,0,0,0,0,0,0,0,0,0,0,0,0,0,0,0,0,0,0,0,0,0,0,0,0,0,0,0,0,0,0,0,0,0,0,0,0,0,0,0,0,0,0,0,0,0,0,0,0,0,0,0,0,0,0,0,0,0,0,0;17,119,511,1617,4169,9295,18607,34289,59185,96887,151823,229345,335817,478703,666655,909601,1218833,1607095,2088671,2679473,3397129,4261071,5292623,6515089,7953841,9636407,11592559,13854401,16456457,19435759,22831935,26687297,31046929,35958775,41473727,47645713,54531785,62192207,70690543,80093745,90472241,101900023,114454735,128217761,143274313,159713519,177628511,197116513,218278929,241221431,266054047,292891249,321852041,353060047,386643599,422735825,461474737,503003319,547469615,595026817,645833353,700052975,757854847,819413633,884909585,954528631,1028462463,1106908625,1190070601,1278157903,1371386159,1469977201,1574159153,1684166519,1800240271,1922627937,2051583689,2187368431,2330249887,2480502689,2638408465,2804255927,2978340959,3160966705,3352443657,3553089743,3763230415,3983198737,4213335473,4453989175,4705516271,4968281153,5242656265,5529022191,5827767743,6139290049,6463994641,6802295543,7154615359,7521385361
3,3,3,3,2,2;8,12,-4,-8,1;75,180,0,0,0,0,0,0,0,0,0,0,0,0,0,0,0,0,0,0,0,0,0,0,0,0,0,0,0,0,0,0,0,0,0,0,0,0,0,0,0,0,0,0,0,0,0,0,0,0,0,0,0,0,0,0,0,0,0,0,0,0,0,0,0,0,0,0,0,0,0,0,0,0,0,0,0,0,0,0,0,0,0,0,0,0,0,0,0,0,0,0,0,0,0,0,0,0,0,0,0,0,0,0,0,0,0,0,0,0,0,0,0,0,0,0,0,0,0,0,0,0,0,0,0,0,0,0,0,0,0,0,0,0,0,0,0,0,0,0,0,0,0,0,0,0,0,0,0,0,0,0,0,0,0,0,0,0,0,0,0,0,0,0,0,0,0,0,0,0,0,0,0,0,0,0,0,0,0,0,0,0,0,0,0,0,0,0,0,0,0,0,0,0,0,0,0,0,0,0,0,0,0,0,0,0,0,0,0,0,0,0,0,0,0,0,0,0,0,0,0,0,0,0,0,0,0,0,0,0,0,0,0,0,0,0,0,0,0,0,0,0,0,0,0,0,0,0,0,0,0,0;17,127,567,1833,4785,10751,21631,40001,69217,113519,178135,269385,394785,563151,784703,1071169,1435889,1893919,2462135,3159337,4006353,5026143,6243903,7687169,9385921,11372687,13682647,16353737,19426753,22945455,26956671,31510401,36659921,42461887,48976439,56267305,64401905,73451455,83491071,94599873,106861089,120362159,135194839,151455305,169244257,188667023,209833663,232859073,257863089,284970591,314311607,346021417,380240657,417115423,456797375,499443841,545217921,594288591,646830807,703025609,763060225,827128175,895429375,968170241,1045563793,1127829759,1215194679,1307892009,1406162225,1510252927,1620418943,1736922433,1860032993,1990027759,2127191511,2271816777,2424203937,2584661327,2753505343,2931060545,3117659761,3313644191,3519363511,3735175977,3961448529,4198556895,4446885695,4706828545,4978788161,5263176463,5560414679,5870933449,6195172929,6533582895,6886622847,7254762113,7638479953,8038265663,8454618679,8888048681
3,3,3,3,3,3;-9,1;31,184,0,0,0,0,0,0,0,0,0,0,0,0,0,0,0,0,0,0,0,0,0,0,0,0,0,0,0,0,0,0,0,0,0,0,0,0,0,0,0,0,0,0,0,0,0,0,0,0,0,0,0,0,0,0,0,0,0,0,0,0,0,0,0,0,0,0,0,0,0,0,0,0,0,0,0,0,0,0,0,0,0,0,0,0,0,0,0,0,0,0,0,0,0,0,0,0,0,0,0,0,0,0,0,0,0,0,0,0,0,0,0,0,0,0,0,0,0,0,0,0,0,0,0,0,0,0,0,0,0,0,0,0,0,0,0,0,0,0,0,0,0,0,0,0,0,0,0,0,0,0,0,0,0,0,0,0,0,0,0,0,0,0,0,0,0,0,0,0,0,0,0,0,0,0,0,0,0,0,0,0,0,0,0,0,0,0,0,0,0,0,0,0,0,0,0,0,0,0,0,0,0,0,0,0,0,0,0,0,0,0,0,0,0,0,0,0,0,0,0,0,0,0,0,0,0,0,0,0,0,0,0,0,0,0,0,0,0,0,0,0,0,0,0,0,0,0,0,0,0,0;19,139,609,1947,5049,11297,22667,41837,72295,118447,185725,280695,411165,586293,816695,1114553,1493723,1969843,2560441,3285043,4165281,5225001,6490371,7989989,9754991,11819159,14219029,16993999,20186437,23841789,28008687,32739057,38088227,44115035,50881937,58455115,66904585,76304305,86732283,98270685,111005943,125028863,140434733,157323431,175799533,195972421,217956391,241870761,267839979,295993731,326467049,359400419,394939889,433237177,474449779,518741077,566280447,617243367,671811525,730172927,792522005,859059725,929993695,1005538273,1085914675,1171351083,1262082753,1358352123,1460408921,1568510273,1682920811,1803912781,1931766151,2066768719,2209216221,2359412439,2517669309,2684307029,2859654167,3044047769,3237833467,3441365587,3655007257,3879130515,4114116417,4360355145,4618246115,4888198085,5170629263,5465967415,5774649973,6097124143,6433847013,6785285661,7151917263,7534229201,7932719171,8347895291,8780276209,9230391211
3,3,3,3,3,3;12,-4,-9,1;91,156,0,0,0,0,0,0,0,0,0,0,0,0,0,0,0,0,0,0,0,0,0,0,0,0,0,0,0,0,0,0,0,0,0,0,0,0,0,0,0,0,0,0,0,0,0,0,0,0,0,0,0,0,0,0,0,0,0,0,0,0,0,0,0,0,0,0,0,0,0,0,0,0,0,0,0,0,0,0,0,0,0,0,0,0,0,0,0,0,0,0,0,0,0,0,0,0,0,0,0,0,0,0,0,0,0,0,0,0,0,0,0,0,0,0,0,0,0,0,0,0,0,0,0,0,0,0,0,0,0,0,0,0,0,0,0,0,0,0,0,0,0,0,0,0,0,0,0,0,0,0,0,0,0,0,0,0,0,0,0,0,0,0,0,0,0,0,0,0,0,0,0,0,0,0,0,0,0,0,0,0,0,0,0,0,0,0,0,0,0,0,0,0,0,0,0,0,0,0,0,0,0,0,0,0,0,0,0,0,0,0,0,0,0,0,0,0,0,0,0,0,0,0,0,0,0,0,0,0,0,0,0,0,0,0,0,0,0,0,0,0,0,0,0,0,0,0,0,0,0,0;19,151,693,2271,5973,13481,27203,50405,87343,143395,225193,340755,499617,712965,993767,1356905,1819307,2400079,3120637,4004839,5079117,6372609,7917291,9748109,11903111,14423579,17354161,20743003,24641881,29106333,34195791,39973713,46507715,53869703,62136005,71387503,81709765,93193177,105933075,120029877,135589215,152722067,171544889,192179747,214754449,239402677,266264119,295484601,327216219,361617471,398853389,439095671,482522813,529320241,579680443,633803101,691895223,754171275,820853313,892171115,968362313,1049672525,1136355487,1228673185,1326895987,1431302775,1542181077,1659827199,1784546357,1916652809,2056469987,2204330629,2360576911,2525560579,2699643081,2883195699,3076599681,3280246373,3494537351,3719884553,3956710411,4205447983,4466541085,4740444423,5027623725,5328555873,5643729035,5973642797,6318808295,6679748347,7056997585,7451102587,7862622009,8292126717,8740199919,9207437297,9694447139,10201850471,10730281189,11280386191
4,3,3,2,2,2;-1,4,9,-4,-8,1;26,188,0,0,0,0,0,0,0,0,0,0,0,0,0,0,0,0,0,0,0,0,0,0,0,0,0,0,0,0,0,0,0,0,0,0,0,0,0,0,0,0,0,0,0,0,0,0,0,0,0,0,0,0,0,0,0,0,0,0,0,0,0,0,0,0,0,0,0,0,0,0,0,0,0,0,0,0,0,0,0,0,0,0,0,0,0,0,0,0,0,0,0,0,0,0,0,0,0,0,0,0,0,0,0,0,0,0,0,0,0,0,0,0,0,0,0,0,0,0,0,0,0,0,0,0,0,0,0,0,0,0,0,0,0,0,0,0,0,0,0,0,0,0,0,0,0,0,0,0,0,0,0,0,0,0,0,0,0,0,0,0,0,0,0,0,0,0,0,0,0,0,0,0,0,0,0,0,0,0,0,0,0,0,0,0,0,0,0,0,0,0,0,0,0,0,0,0,0,0,0,0,0,0,0,0,0,0,0,0,0,0,0,0,0,0,0,0,0,0,0,0,0,0,0,0,0,0,0,0,0,0,0,0,0,0,0,0,0,0,0,0,0,0,0,0,0,0,0,0,0,0;17,123,539,1725,4477,10023,20119,37145,64201,105203,164979,249365,365301,520927,725679,990385,1327361,1750507,2275403,2919405,3701741,4643607,5768263,7101129,8669881,10504547,12637603,15104069,17941605,21190607,24894303,29098849,33853425,39210331,45225083,51956509,59466845,67821831,77090807,87346809,98666665,111131091,124824787,139836533,156259285,174190271,193731087,214987793,238071009,263096011,290182827,319456333,351046349,385087735,421720487,461089833,503346329,548645955,597150211,649026213,704446789,763590575,826642111,893791937,965236689,1041179195,1121828571,1207400317,1298116413,1394205415,1495902551,1603449817,1717096073,1837097139,1963715891,2097222357,2237893813,2386014879,2541877615,2705781617,2878034113,3058950059,3248852235,3448071341,3656946093,3875823319,4105058055,4345013641,4596061817,4858582819,5132965475,5419607301,5718914597,6031302543,6357195295,6697026081,7051237297,7420280603,7804617019,8204717021
4,3,3,2,2,2;-4,4,11,-4,-8,1;26,158,0,0,0,0,0,0,0,0,0,0,0,0,0,0,0,0,0,0,0,0,0,0,0,0,0,0,0,0,0,0,0,0,0,0,0,0,0,0,0,0,0,0,0,0,0,0,0,0,0,0,0,0,0,0,0,0,0,0,0,0,0,0,0,0,0,0,0,0,0,0,0,0,0,0,0,0,0,0,0,0,0,0,0,0,0,0,0,0,0,0,0,0,0,0,0,0,0,0,0,0,0,0,0,0,0,0,0,0,0,0,0,0,0,0,0,0,0,0,0,0,0,0,0,0,0,0,0,0,0,0,0,0,0,0,0,0,0,0,0,0,0,0,0,0,0,0,0,0,0,0,0,0,0,0,0,0,0,0,0,0,0,0,0,0,0,0,0,0,0,0,0,0,0,0,0,0,0,0,0,0,0,0,0,0,0,0,0,0,0,0,0,0,0,0,0,0,0,0,0,0,0,0,0,0,0,0,0,0,0,0,0,0,0,0,0,0,0,0,0,0,0,0,0,0,0,0,0,0,0,0,0,0,0,0,0,0,0,0,0,0,0,0,0,0,0,0,0,0,0,0;17,127,567,1833,4785,10751,21631,40001,69217,113519,178135,269385,394785,563151,784703,1071169,1435889,1893919,2462135,3159337,4006353,5026143,6243903,7687169,9385921,11372687,13682647,16353737,19426753,22945455,26956671,31510401,36659921,42461887,48976439,56267305,64401905,73451455,83491071,94599873,106861089,120362159,135194839,151455305,169244257,188667023,209833663,232859073,257863089,284970591,314311607,346021417,380240657,417115423,456797375,499443841,545217921,594288591,646830807,703025609,763060225,827128175,895429375,968170241,1045563793,1127829759,1215194679,1307892009,1406162225,1510252927,1620418943,1736922433,1860032993,1990027759,2127191511,2271816777,2424203937,2584661327,2753505343,2931060545,3117659761,3313644191,3519363511,3735175977,3961448529,4198556895,4446885695,4706828545,4978788161,5263176463,5560414679,5870933449,6195172929,6533582895,6886622847,7254762113,7638479953,8038265663,8454618679,8888048681
4,3,3,2,2,2;7,-2,-8,1;19,188,0,0,0,0,0,0,0,0,0,0,0,0,0,0,0,0,0,0,0,0,0,0,0,0,0,0,0,0,0,0,0,0,0,0,0,0,0,0,0,0,0,0,0,0,0,0,0,0,0,0,0,0,0,0,0,0,0,0,0,0,0,0,0,0,0,0,0,0,0,0,0,0,0,0,0,0,0,0,0,0,0,0,0,0,0,0,0,0,0,0,0,0,0,0,0,0,0,0,0,0,0,0,0,0,0,0,0,0,0,0,0,0,0,0,0,0,0,0,0,0,0,0,0,0,0,0,0,0,0,0,0,0,0,0,0,0,0,0,0,0,0,0,0,0,0,0,0,0,0,0,0,0,0,0,0,0,0,0,0,0,0,0,0,0,0,0,0,0,0,0,0,0,0,0,0,0,0,0,0,0,0,0,0,0,0,0,0,0,0,0,0,0,0,0,0,0,0,0,0,0,0,0,0,0,0,0,0,0,0,0,0,0,0,0,0,0,0,0,0,0,0,0,0,0,0,0,0,0,0,0,0,0,0,0,0,0,0,0,0,0,0,0,0,0,0,0,0,0,0,0;17,123,539,1725,4477,10023,20119,37145,64201,105203,164979,249365,365301,520927,725679,990385,1327361,1750507,2275403,2919405,3701741,4643607,5768263,7101129,8669881,10504547,12637603,15104069,17941605,21190607,24894303,29098849,33853425,39210331,45225083,51956509,59466845,67821831,77090807,87346809,98666665,111131091,124824787,139836533,156259285,174190271,193731087,214987793,238071009,263096011,290182827,319456333,351046349,385087735,421720487,461089833,503346329,548645955,597150211,649026213,704446789,763590575,826642111,893791937,965236689,1041179195,1121828571,1207400317,1298116413,1394205415,1495902551,1603449817,1717096073,1837097139,1963715891,2097222357,2237893813,2386014879,2541877615,2705781617,2878034113,3058950059,3248852235,3448071341,3656946093,3875823319,4105058055,4345013641,4596061817,4858582819,5132965475,5419607301,5718914597,6031302543,6357195295,6697026081,7051237297,7420280603,7804617019,8204717021
4,3,3,3,3,2;-1,8,11,-6,-9,1;75,188,0,0,0,0,0,0,0,0,0,0,0,0,0,0,0,0,0,0,0,0,0,0,0,0,0,0,0,0,0,0,0,0,0,0,0,0,0,0,0,0,0,0,0,0,0,0,0,0,0,0,0,0,0,0,0,0,0,0,0,0,0,0,0,0,0,0,0,0,0,0,0,0,0,0,0,0,0,0,0,0,0,0,0,0,0,0,0,0,0,0,0,0,0,0,0,0,0,0,0,0,0,0,0,0,0,0,0,0,0,0,0,0,0,0,0,0,0,0,0,0,0,0,0,0,0,0,0,0,0,0,0,0,0,0,0,0,0,0,0,0,0,0,0,0,0,0,0,0,0,0,0,0,0,0,0,0,0,0,0,0,0,0,0,0,0,0,0,0,0,0,0,0,0,0,0,0,0,0,0,0,0,0,0,0,0,0,0,0,0,0,0,0,0,0,0,0,0,0,0,0,0,0,0,0,0,0,0,0,0,0,0,0,0,0,0,0,0,0,0,0,0,0,0,0,0,0,0,0,0,0,0,0,0,0,0,0,0,0,0,0,0,0,0,0,0,0,0,0,0,0;19,149,679,2217,5819,13117,26447,48977,84835,139237,218615,330745,484875,691853,964255,1316513,1765043,2328373,3027271,3884873,4926811,6181341,7679471,9455089,11545091,13989509,16831639,20118169,23899307,28228909,33164607,38767937,45104467,52243925,60260327,69232105,79242235,90378365,102732943,116403345,131492003,148106533,166359863,186370361,208261963,232164301,258212831,286548961,317320179,350680181,386788999,425813129,467925659,513306397,562141999,614626097,670959427,731349957,796013015,865171417,939055595,1017903725,1101961855,1191484033,1286732435,1387977493,1495498023,1609581353,1730523451,1858629053,1994211791,2137594321,2289108451,2449095269,2617905271,2795898489,2983444619,3180923149,3388723487,3607245089,3836897587,4078100917,4331285447,4596892105,4875372507,5167189085,5472815215,5792735345,6127445123,6477451525,6843272983,7225439513,7624492843,8040986541,8475486143,8928569281,9400825811,9892857941,10405280359,10938720361
4,3,3,3,3,2;-4,4,11,-6,-9,1;89,188,0,0,0,0,0,0,0,0,0,0,0,0,0,0,0,0,0,0,0,0,0,0,0,0,0,0,0,0,0,0,0,0,0,0,0,0,0,0,0,0,0,0,0,0,0,0,0,0,0,0,0,0,0,0,0,0,0,0,0,0,0,0,0,0,0,0,0,0,0,0,0,0,0,0,0,0,0,0,0,0,0,0,0,0,0,0,0,0,0,0,0,0,0,0,0,0,0,0,0,0,0,0,0,0,0,0,0,0,0,0,0,0,0,0,0,0,0,0,0,0,0,0,0,0,0,0,0,0,0,0,0,0,0,0,0,0,0,0,0,0,0,0,0,0,0,0,0,0,0,0,0,0,0,0,0,0,0,0,0,0,0,0,0,0,0,0,0,0,0,0,0,0,0,0,0,0,0,0,0,0,0,0,0,0,0,0,0,0,0,0,0,0,0,0,0,0,0,0,0,0,0,0,0,0,0,0,0,0,0,0,0,0,0,0,0,0,0,0,0,0,0,0,0,0,0,0,0,0,0,0,0,0,0,0,0,0,0,0,0,0,0,0,0,0,0,0,0,0,0,0;19,149,679,2217,5819,13117,26447,48977,84835,139237,218615,330745,484875,691853,964255,1316513,1765043,2328373,3027271,3884873,4926811,6181341,7679471,9455089,11545091,13989509,16831639,20118169,23899307,28228909,33164607,38767937,45104467,52243925,60260327,69232105,79242235,90378365,102732943,116403345,131492003,148106533,166359863,186370361,208261963,232164301,258212831,286548961,317320179,350680181,386788999,425813129,467925659,513306397,562141999,614626097,670959427,731349957,796013015,865171417,939055595,1017903725,1101961855,1191484033,1286732435,1387977493,1495498023,1609581353,1730523451,1858629053,1994211791,2137594321,2289108451,2449095269,2617905271,2795898489,2983444619,3180923149,3388723487,3607245089,3836897587,4078100917,4331285447,4596892105,4875372507,5167189085,5472815215,5792735345,6127445123,6477451525,6843272983,7225439513,7624492843,8040986541,8475486143,8928569281,9400825811,9892857941,10405280359,10938720361
4,3,3,3,3,2;7,-4,-9,1;27,188,0,0,0,0,0,0,0,0,0,0,0,0,0,0,0,0,0,0,0,0,0,0,0,0,0,0,0,0,0,0,0,0,0,0,0,0,0,0,0,0,0,0,0,0,0,0,0,0,0,0,0,0,0,0,0,0,0,0,0,0,0,0,0,0,0,0,0,0,0,0,0,0,0,0,0,0,0,0,0,0,0,0,0,0,0,0,0,0,0,0,0,0,0,0,0,0,0,0,0,0,0,0,0,0,0,0,0,0,0,0,0,0,0,0,0,0,0,0,0,0,0,0,0,0,0,0,0,0,0,0,0,0,0,0,0,0,0,0,0,0,0,0,0,0,0,0,0,0,0,0,0,0,0,0,0,0,0,0,0,0,0,0,0,0,0,0,0,0,0,0,0,0,0,0,0,0,0,0,0,0,0,0,0,0,0,0,0,0,0,0,0,0,0,0,0,0,0,0,0,0,0,0,0,0,0,0,0,0,0,0,0,0,0,0,0,0,0,0,0,0,0,0,0,0,0,0,0,0,0,0,0,0,0,0,0,0,0,0,0,0,0,0,0,0,0,0,0,0,0,0;19,145,651,2109,5511,12389,24935,46121,79819,130921,205459,310725,455391,649629,905231,1235729,1656515,2184961,2840539,3644941,4622199,5798805,7203831,8869049,10829051,13121369,15786595,18868501,22414159,26474061,31102239,36356385,42297971,48992369,56508971,64921309,74307175,84748741,96332679,109150281,123297579,138875465,155989811,174751589,195276991,217687549,242110255,268677681,297528099,328805601,362660219,399248045,438731351,481278709,527065111,576272089,629087835,685707321,746332419,811172021,880442159,954366125,1033174591,1117105729,1206405331,1301326929,1402131915,1509089661,1622477639,1742581541,1869695399,2004121705,2146171531,2296164649,2454429651,2621304069,2797134495,2982276701,3177095759,3381966161,3597271939,3823406785,4060774171,4309787469,4570870071,4844455509,5130987575,5430920441,5744718779,6072857881,6415823779,6774113365,7148234511,7538706189,7946058591,8370833249,8813583155,9274872881,9755278699,10255388701
4,4,2,2,2,2;-8,1;3,252,0,0,0,0,0,0,0,0,0,0,0,0,0,0,0,0,0,0,0,0,0,0,0,0,0,0,0,0,0,0,0,0,0,0,0,0,0,0,0,0,0,0,0,0,0,0,0,0,0,0,0,0,0,0,0,0,0,0,0,0,0,0,0,0,0,0,0,0,0,0,0,0,0,0,0,0,0,0,0,0,0,0,0,0,0,0,0,0,0,0,0,0,0,0,0,0,0,0,0,0,0,0,0,0,0,0,0,0,0,0,0,0,0,0,0,0,0,0,0,0,0,0,0,0,0,0,0,0,0,0,0,0,0,0,0,0,0,0,0,0,0,0,0,0,0,0,0,0,0,0,0,0,0,0,0,0,0,0,0,0,0,0,0,0,0,0,0,0,0,0,0,0,0,0,0,0,0,0,0,0,0,0,0,0,0,0,0,0,0,0,0,0,0,0,0,0,0,0,0,0,0,0,0,0,0,0,0,0,0,0,0,0,0,0,0,0,0,0,0,0,0,0,0,0,0,0,0,0,0,0,0,0,0,0,0,0,0,0,0,0,0,0,0,0,0,0,0,0,0,0;17,115,483,1509,3861,8567,17095,31433,54169,88571,138667,209325,306333,436479,607631,828817,1110305,1463683,1901939,2439541,3092517,3878535,4816983,5929049,7237801,8768267,10547515,12604733,14971309,17680911,20769567,24275745,28240433,32707219,37722371,43334917,49596725,56562583,64290279,72840681,82277817,92668955,104084683,116598989,130289341,145236767,161525935,179245233,198486849,219346851,241925267,266326165,292657733,321032359,351566711,384381817,419603145,457360683,497789019,541027421,587219917,636515375,689067583,745035329,804582481,867878067,935096355,1006416933,1082024789,1162110391,1246869767,1336504585,1431222233,1531235899,1636764651,1748033517,1865273565,1988721983,2118622159,2255223761,2398782817,2549561795,2707829683,2873862069,3047941221,3230356167,3421402775,3621383833,3830609129,4049395531,4278067067,4516955005,4766397933,5026741839,5298340191,5581554017,5876751985,6184310483,6504613699,6838053701
4,4,2,2,2,2;8,-4,-8,1;19,158,0,0,0,0,0,0,0,0,0,0,0,0,0,0,0,0,0,0,0,0,0,0,0,0,0,0,0,0,0,0,0,0,0,0,0,0,0,0,0,0,0,0,0,0,0,0,0,0,0,0,0,0,0,0,0,0,0,0,0,0,0,0,0,0,0,0,0,0,0,0,0,0,0,0,0,0,0,0,0,0,0,0,0,0,0,0,0,0,0,0,0,0,0,0,0,0,0,0,0,0,0,0,0,0,0,0,0,0,0,0,0,0,0,0,0,0,0,0,0,0,0,0,0,0,0,0,0,0,0,0,0,0,0,0,0,0,0,0,0,0,0,0,0,0,0,0,0,0,0,0,0,0,0,0,0,0,0,0,0,0,0,0,0,0,0,0,0,0,0,0,0,0,0,0,0,0,0,0,0,0,0,0,0,0,0,0,0,0,0,0,0,0,0,0,0,0,0,0,0,0,0,0,0,0,0,0,0,0,0,0,0,0,0,0,0,0,0,0,0,0,0,0,0,0,0,0,0,0,0,0,0,0,0,0,0,0,0,0,0,0,0,0,0,0,0,0,0,0,0,0;17,123,539,1725,4477,10023,20119,37145,64201,105203,164979,249365,365301,520927,725679,990385,1327361,1750507,2275403,2919405,3701741,4643607,5768263,7101129,8669881,10504547,12637603,15104069,17941605,21190607,24894303,29098849,33853425,39210331,45225083,51956509,59466845,67821831,77090807,87346809,98666665,111131091,124824787,139836533,156259285,174190271,193731087,214987793,238071009,263096011,290182827,319456333,351046349,385087735,421720487,461089833,503346329,548645955,597150211,649026213,704446789,763590575,826642111,893791937,965236689,1041179195,1121828571,1207400317,1298116413,1394205415,1495902551,1603449817,1717096073,1837097139,1963715891,2097222357,2237893813,2386014879,2541877615,2705781617,2878034113,3058950059,3248852235,3448071341,3656946093,3875823319,4105058055,4345013641,4596061817,4858582819,5132965475,5419607301,5718914597,6031302543,6357195295,6697026081,7051237297,7420280603,7804617019,8204717021
4,4,3,3,2,2;-1,2,8,-6,-9,1;26,252,0,0,0,0,0,0,0,0,0,0,0,0,0,0,0,0,0,0,0,0,0,0,0,0,0,0,0,0,0,0,0,0,0,0,0,0,0,0,0,0,0,0,0,0,0,0,0,0,0,0,0,0,0,0,0,0,0,0,0,0,0,0,0,0,0,0,0,0,0,0,0,0,0,0,0,0,0,0,0,0,0,0,0,0,0,0,0,0,0,0,0,0,0,0,0,0,0,0,0,0,0,0,0,0,0,0,0,0,0,0,0,0,0,0,0,0,0,0,0,0,0,0,0,0,0,0,0,0,0,0,0,0,0,0,0,0,0,0,0,0,0,0,0,0,0,0,0,0,0,0,0,0,0,0,0,0,0,0,0,0,0,0,0,0,0,0,0,0,0,0,0,0,0,0,0,0,0,0,0,0,0,0,0,0,0,0,0,0,0,0,0,0,0,0,0,0,0,0,0,0,0,0,0,0,0,0,0,0,0,0,0,0,0,0,0,0,0,0,0,0,0,0,0,0,0,0,0,0,0,0,0,0,0,0,0,0,0,0,0,0,0,0,0,0,0,0,0,0,0,0;19,145,651,2109,5511,12389,24935,46121,79819,130921,205459,310725,455391,649629,905231,1235729,1656515,2184961,2840539,3644941,4622199,5798805,7203831,8869049,10829051,13121369,15786595,18868501,22414159,26474061,31102239,36356385,42297971,48992369,56508971,64921309,74307175,84748741,96332679,109150281,123297579,138875465,155989811,174751589,195276991,217687549,242110255,268677681,297528099,328805601,362660219,399248045,438731351,481278709,527065111,576272089,629087835,685707321,746332419,811172021,880442159,954366125,1033174591,1117105729,1206405331,1301326929,1402131915,1509089661,1622477639,1742581541,1869695399,2004121705,2146171531,2296164649,2454429651,2621304069,2797134495,2982276701,3177095759,3381966161,3597271939,3823406785,4060774171,4309787469,4570870071,4844455509,5130987575,5430920441,5744718779,6072857881,6415823779,6774113365,7148234511,7538706189,7946058591,8370833249,8813583155,9274872881,9755278699,10255388701
4,4,3,3,2,2;3,12,10,-8,-9,1;75,182,0,0,0,0,0,0,0,0,0,0,0,0,0,0,0,0,0,0,0,0,0,0,0,0,0,0,0,0,0,0,0,0,0,0,0,0,0,0,0,0,0,0,0,0,0,0,0,0,0,0,0,0,0,0,0,0,0,0,0,0,0,0,0,0,0,0,0,0,0,0,0,0,0,0,0,0,0,0,0,0,0,0,0,0,0,0,0,0,0,0,0,0,0,0,0,0,0,0,0,0,0,0,0,0,0,0,0,0,0,0,0,0,0,0,0,0,0,0,0,0,0,0,0,0,0,0,0,0,0,0,0,0,0,0,0,0,0,0,0,0,0,0,0,0,0,0,0,0,0,0,0,0,0,0,0,0,0,0,0,0,0,0,0,0,0,0,0,0,0,0,0,0,0,0,0,0,0,0,0,0,0,0,0,0,0,0,0,0,0,0,0,0,0,0,0,0,0,0,0,0,0,0,0,0,0,0,0,0,0,0,0,0,0,0,0,0,0,0,0,0,0,0,0,0,0,0,0,0,0,0,0,0,0,0,0,0,0,0,0,0,0,0,0,0,0,0,0,0,0,0;19,145,651,2109,5511,12389,24935,46121,79819,130921,205459,310725,455391,649629,905231,1235729,1656515,2184961,2840539,3644941,4622199,5798805,7203831,8869049,10829051,13121369,15786595,18868501,22414159,26474061,31102239,36356385,42297971,48992369,56508971,64921309,74307175,84748741,96332679,109150281,123297579,138875465,155989811,174751589,195276991,217687549,242110255,268677681,297528099,328805601,362660219,399248045,438731351,481278709,527065111,576272089,629087835,685707321,746332419,811172021,880442159,954366125,1033174591,1117105729,1206405331,1301326929,1402131915,1509089661,1622477639,1742581541,1869695399,2004121705,2146171531,2296164649,2454429651,2621304069,2797134495,2982276701,3177095759,3381966161,3597271939,3823406785,4060774171,4309787469,4570870071,4844455509,5130987575,5430920441,5744718779,6072857881,6415823779,6774113365,7148234511,7538706189,7946058591,8370833249,8813583155,9274872881,9755278699,10255388701
4,4,3,3,2,2;4,-4,-9,1;19,252,0,0,0,0,0,0,0,0,0,0,0,0,0,0,0,0,0,0,0,0,0,0,0,0,0,0,0,0,0,0,0,0,0,0,0,0,0,0,0,0,0,0,0,0,0,0,0,0,0,0,0,0,0,0,0,0,0,0,0,0,0,0,0,0,0,0,0,0,0,0,0,0,0,0,0,0,0,0,0,0,0,0,0,0,0,0,0,0,0,0,0,0,0,0,0,0,0,0,0,0,0,0,0,0,0,0,0,0,0,0,0,0,0,0,0,0,0,0,0,0,0,0,0,0,0,0,0,0,0,0,0,0,0,0,0,0,0,0,0,0,0,0,0,0,0,0,0,0,0,0,0,0,0,0,0,0,0,0,0,0,0,0,0,0,0,0,0,0,0,0,0,0,0,0,0,0,0,0,0,0,0,0,0,0,0,0,0,0,0,0,0,0,0,0,0,0,0,0,0,0,0,0,0,0,0,0,0,0,0,0,0,0,0,0,0,0,0,0,0,0,0,0,0,0,0,0,0,0,0,0,0,0,0,0,0,0,0,0,0,0,0,0,0,0,0,0,0,0,0,0;19,141,623,2001,5203,11661,23423,43265,74803,122605,192303,290705,425907,607405,846207,1154945,1547987,2041549,2653807,3405009,4317587,5416269,6728191,8283009,10113011,12253229,14741551,17618833,20929011,24719213,29039871,33944833,39491475,45740813,52757615,60610513,69372115,79119117,89932415,101897217,115103155,129644397,145619759,163132817,182292019,203210797,226007679,250806401,277736019,306931021,338531439,372682961,409537043,449251021,491988223,537918081,587216243,640064685,696651823,757172625,821828723,890828525,964387327,1042727425,1126078227,1214676365,1308765807,1408597969,1514431827,1626534029,1745179007,1870649089,2003234611,2143234029,2290954031,2446709649,2610824371,2783630253,2965468031,3156687233,3357646291,3568712653,3790262895,4022682833,4266367635,4521721933,4789159935,5069105537,5361992435,5668264237,5988374575,6322787217,6671976179,7036425837,7416631039,7813097217,8226340499,8656887821,9105277039,9572057041
4,4,3,3,2,2;4,6,-6,-9,1;27,186,0,0,0,0,0,0,0,0,0,0,0,0,0,0,0,0,0,0,0,0,0,0,0,0,0,0,0,0,0,0,0,0,0,0,0,0,0,0,0,0,0,0,0,0,0,0,0,0,0,0,0,0,0,0,0,0,0,0,0,0,0,0,0,0,0,0,0,0,0,0,0,0,0,0,0,0,0,0,0,0,0,0,0,0,0,0,0,0,0,0,0,0,0,0,0,0,0,0,0,0,0,0,0,0,0,0,0,0,0,0,0,0,0,0,0,0,0,0,0,0,0,0,0,0,0,0,0,0,0,0,0,0,0,0,0,0,0,0,0,0,0,0,0,0,0,0,0,0,0,0,0,0,0,0,0,0,0,0,0,0,0,0,0,0,0,0,0,0,0,0,0,0,0,0,0,0,0,0,0,0,0,0,0,0,0,0,0,0,0,0,0,0,0,0,0,0,0,0,0,0,0,0,0,0,0,0,0,0,0,0,0,0,0,0,0,0,0,0,0,0,0,0,0,0,0,0,0,0,0,0,0,0,0,0,0,0,0,0,0,0,0,0,0,0,0,0,0,0,0,0;19,141,623,2001,5203,11661,23423,43265,74803,122605,192303,290705,425907,607405,846207,1154945,1547987,2041549,2653807,3405009,4317587,5416269,6728191,8283009,10113011,12253229,14741551,17618833,20929011,24719213,29039871,33944833,39491475,45740813,52757615,60610513,69372115,79119117,89932415,101897217,115103155,129644397,145619759,163132817,182292019,203210797,226007679,250806401,277736019,306931021,338531439,372682961,409537043,449251021,491988223,537918081,587216243,640064685,696651823,757172625,821828723,890828525,964387327,1042727425,1126078227,1214676365,1308765807,1408597969,1514431827,1626534029,1745179007,1870649089,2003234611,2143234029,2290954031,2446709649,2610824371,2783630253,2965468031,3156687233,3357646291,3568712653,3790262895,4022682833,4266367635,4521721933,4789159935,5069105537,5361992435,5668264237,5988374575,6322787217,6671976179,7036425837,7416631039,7813097217,8226340499,8656887821,9105277039,9572057041
4,4,3,3,2,2;8,8,-8,-9,1;75,174,0,0,0,0,0,0,0,0,0,0,0,0,0,0,0,0,0,0,0,0,0,0,0,0,0,0,0,0,0,0,0,0,0,0,0,0,0,0,0,0,0,0,0,0,0,0,0,0,0,0,0,0,0,0,0,0,0,0,0,0,0,0,0,0,0,0,0,0,0,0,0,0,0,0,0,0,0,0,0,0,0,0,0,0,0,0,0,0,0,0,0,0,0,0,0,0,0,0,0,0,0,0,0,0,0,0,0,0,0,0,0,0,0,0,0,0,0,0,0,0,0,0,0,0,0,0,0,0,0,0,0,0,0,0,0,0,0,0,0,0,0,0,0,0,0,0,0,0,0,0,0,0,0,0,0,0,0,0,0,0,0,0,0,0,0,0,0,0,0,0,0,0,0,0,0,0,0,0,0,0,0,0,0,0,0,0,0,0,0,0,0,0,0,0,0,0,0,0,0,0,0,0,0,0,0,0,0,0,0,0,0,0,0,0,0,0,0,0,0,0,0,0,0,0,0,0,0,0,0,0,0,0,0,0,0,0,0,0,0,0,0,0,0,0,0,0,0,0,0,0;19,145,651,2109,5511,12389,24935,46121,79819,130921,205459,310725,455391,649629,905231,1235729,1656515,2184961,2840539,3644941,4622199,5798805,7203831,8869049,10829051,13121369,15786595,18868501,22414159,26474061,31102239,36356385,42297971,48992369,56508971,64921309,74307175,84748741,96332679,109150281,123297579,138875465,155989811,174751589,195276991,217687549,242110255,268677681,297528099,328805601,362660219,399248045,438731351,481278709,527065111,576272089,629087835,685707321,746332419,811172021,880442159,954366125,1033174591,1117105729,1206405331,1301326929,1402131915,1509089661,1622477639,1742581541,1869695399,2004121705,2146171531,2296164649,2454429651,2621304069,2797134495,2982276701,3177095759,3381966161,3597271939,3823406785,4060774171,4309787469,4570870071,4844455509,5130987575,5430920441,5744718779,6072857881,6415823779,6774113365,7148234511,7538706189,7946058591,8370833249,8813583155,9274872881,9755278699,10255388701
4,4,3,3,3,3;-1,4,9,-8,-10,1;91,188,0,0,0,0,0,0,0,0,0,0,0,0,0,0,0,0,0,0,0,0,0,0,0,0,0,0,0,0,0,0,0,0,0,0,0,0,0,0,0,0,0,0,0,0,0,0,0,0,0,0,0,0,0,0,0,0,0,0,0,0,0,0,0,0,0,0,0,0,0,0,0,0,0,0,0,0,0,0,0,0,0,0,0,0,0,0,0,0,0,0,0,0,0,0,0,0,0,0,0,0,0,0,0,0,0,0,0,0,0,0,0,0,0,0,0,0,0,0,0,0,0,0,0,0,0,0,0,0,0,0,0,0,0,0,0,0,0,0,0,0,0,0,0,0,0,0,0,0,0,0,0,0,0,0,0,0,0,0,0,0,0,0,0,0,0,0,0,0,0,0,0,0,0,0,0,0,0,0,0,0,0,0,0,0,0,0,0,0,0,0,0,0,0,0,0,0,0,0,0,0,0,0,0,0,0,0,0,0,0,0,0,0,0,0,0,0,0,0,0,0,0,0,0,0,0,0,0,0,0,0,0,0,0,0,0,0,0,0,0,0,0,0,0,0,0,0,0,0,0,0;21,171,791,2601,6853,15483,31263,57953,100453,164955,259095,392105,574965,820555,1143807,1561857,2094197,2762827,3592407,4610409,5847269,7336539,9115039,11223009,13704261,16606331,19980631,23882601,28371861,33512363,39372543,46025473,53549013,62025963,71544215,82196905,94082565,107305275,121974815,138206817,156122917,175850907,197524887,221285417,247279669,275661579,306591999,340238849,376777269,416389771,459266391,505604841,555610661,609497371,667486623,729808353,796700933,868411323,945195223,1027317225,1115050965,1208679275,1308494335,1414797825,1527901077,1648125227,1775801367,1911270697,2054884677,2207005179,2368004639,2538266209,2718183909,2908162779,3108619031,3319980201,3542685301,3777184971,4023941631,4283429633,4556135413,4842557643,5143207383,5458608233,5789296485,6135821275,6498744735,6878642145,7276102085,7691726587,8126131287,8579945577,9053812757,9548390187,10064349439,10602376449,11163171669,11747450219,12355942039,12989392041
4,4,3,3,3,3;3,-6,-10,1;31,188,0,0,0,0,0,0,0,0,0,0,0,0,0,0,0,0,0,0,0,0,0,0,0,0,0,0,0,0,0,0,0,0,0,0,0,0,0,0,0,0,0,0,0,0,0,0,0,0,0,0,0,0,0,0,0,0,0,0,0,0,0,0,0,0,0,0,0,0,0,0,0,0,0,0,0,0,0,0,0,0,0,0,0,0,0,0,0,0,0,0,0,0,0,0,0,0,0,0,0,0,0,0,0,0,0,0,0,0,0,0,0,0,0,0,0,0,0,0,0,0,0,0,0,0,0,0,0,0,0,0,0,0,0,0,0,0,0,0,0,0,0,0,0,0,0,0,0,0,0,0,0,0,0,0,0,0,0,0,0,0,0,0,0,0,0,0,0,0,0,0,0,0,0,0,0,0,0,0,0,0,0,0,0,0,0,0,0,0,0,0,0,0,0,0,0,0,0,0,0,0,0,0,0,0,0,0,0,0,0,0,0,0,0,0,0,0,0,0,0,0,0,0,0,0,0,0,0,0,0,0,0,0,0,0,0,0,0,0,0,0,0,0,0,0,0,0,0,0,0,0;21,165,749,2439,6391,14391,28995,53669,92929,152481,239361,362075,530739,757219,1055271,1440681,1931405,2547709,3312309,4250511,5390351,6762735,8401579,10343949,12630201,15304121,18413065,22008099,26144139,30880091,36278991,42408145,49339269,57148629,65917181,75730711,86679975,98860839,112374419,127327221,143831281,162004305,181969809,203857259,227802211,253946451,282438135,313431929,347089149,383577901,423073221,465757215,511819199,561455839,614871291,672277341,733893545,799947369,870674329,946318131,1027130811,1113372875,1205313439,1303230369,1407410421,1518149381,1635752205,1760533159,1892815959,2032933911,2181230051,2338057285,2503778529,2678766849,2863405601,3058088571,3263220115,3479215299,3706500039,3945511241,4196696941,4460516445,4737440469,5027951279,5332542831,5651720911,5986003275,6335919789,6702012569,7084836121,7484957481,7902956355,8339425259,8794969659,9270208111,9765772401,10282307685,10820472629,11380939549,11964394551
4,4,3,3,3,3;8,9,-8,-10,1;75,252,0,0,0,0,0,0,0,0,0,0,0,0,0,0,0,0,0,0,0,0,0,0,0,0,0,0,0,0,0,0,0,0,0,0,0,0,0,0,0,0,0,0,0,0,0,0,0,0,0,0,0,0,0,0,0,0,0,0,0,0,0,0,0,0,0,0,0,0,0,0,0,0,0,0,0,0,0,0,0,0,0,0,0,0,0,0,0,0,0,0,0,0,0,0,0,0,0,0,0,0,0,0,0,0,0,0,0,0,0,0,0,0,0,0,0,0,0,0,0,0,0,0,0,0,0,0,0,0,0,0,0,0,0,0,0,0,0,0,0,0,0,0,0,0,0,0,0,0,0,0,0,0,0,0,0,0,0,0,0,0,0,0,0,0,0,0,0,0,0,0,0,0,0,0,0,0,0,0,0,0,0,0,0,0,0,0,0,0,0,0,0,0,0,0,0,0,0,0,0,0,0,0,0,0,0,0,0,0,0,0,0,0,0,0,0,0,0,0,0,0,0,0,0,0,0,0,0,0,0,0,0,0,0,0,0,0,0,0,0,0,0,0,0,0,0,0,0,0,0,0;21,171,791,2601,6853,15483,31263,57953,100453,164955,259095,392105,574965,820555,1143807,1561857,2094197,2762827,3592407,4610409,5847269,7336539,9115039,11223009,13704261,16606331,19980631,23882601,28371861,33512363,39372543,46025473,53549013,62025963,71544215,82196905,94082565,107305275,121974815,138206817,156122917,175850907,197524887,221285417,247279669,275661579,306591999,340238849,376777269,416389771,459266391,505604841,555610661,609497371,667486623,729808353,796700933,868411323,945195223,1027317225,1115050965,1208679275,1308494335,1414797825,1527901077,1648125227,1775801367,1911270697,2054884677,2207005179,2368004639,2538266209,2718183909,2908162779,3108619031,3319980201,3542685301,3777184971,4023941631,4283429633,4556135413,4842557643,5143207383,5458608233,5789296485,6135821275,6498744735,6878642145,7276102085,7691726587,8126131287,8579945577,9053812757,9548390187,10064349439,10602376449,11163171669,11747450219,12355942039,12989392041
4,4,4,2,2,2;-4,6,9,-8,-9,1;26,222,0,0,0,0,0,0,0,0,0,0,0,0,0,0,0,0,0,0,0,0,0,0,0,0,0,0,0,0,0,0,0,0,0,0,0,0,0,0,0,0,0,0,0,0,0,0,0,0,0,0,0,0,0,0,0,0,0,0,0,0,0,0,0,0,0,0,0,0,0,0,0,0,0,0,0,0,0,0,0,0,0,0,0,0,0,0,0,0,0,0,0,0,0,0,0,0,0,0,0,0,0,0,0,0,0,0,0,0,0,0,0,0,0,0,0,0,0,0,0,0,0,0,0,0,0,0,0,0,0,0,0,0,0,0,0,0,0,0,0,0,0,0,0,0,0,0,0,0,0,0,0,0,0,0,0,0,0,0,0,0,0,0,0,0,0,0,0,0,0,0,0,0,0,0,0,0,0,0,0,0,0,0,0,0,0,0,0,0,0,0,0,0,0,0,0,0,0,0,0,0,0,0,0,0,0,0,0,0,0,0,0,0,0,0,0,0,0,0,0,0,0,0,0,0,0,0,0,0,0,0,0,0,0,0,0,0,0,0,0,0,0,0,0,0,0,0,0,0,0,0;19,145,651,2109,5511,12389,24935,46121,79819,130921,205459,310725,455391,649629,905231,1235729,1656515,2184961,2840539,3644941,4622199,5798805,7203831,8869049,10829051,13121369,15786595,18868501,22414159,26474061,31102239,36356385,42297971,48992369,56508971,64921309,74307175,84748741,96332679,109150281,123297579,138875465,155989811,174751589,195276991,217687549,242110255,268677681,297528099,328805601,362660219,399248045,438731351,481278709,527065111,576272089,629087835,685707321,746332419,811172021,880442159,954366125,1033174591,1117105729,1206405331,1301326929,1402131915,1509089661,1622477639,1742581541,1869695399,2004121705,2146171531,2296164649,2454429651,2621304069,2797134495,2982276701,3177095759,3381966161,3597271939,3823406785,4060774171,4309787469,4570870071,4844455509,5130987575,5430920441,5744718779,6072857881,6415823779,6774113365,7148234511,7538706189,7946058591,8370833249,8813583155,9274872881,9755278699,10255388701
4,4,4,3,3,2;-1,6,6,-10,-10,1;87,188,0,0,0,0,0,0,0,0,0,0,0,0,0,0,0,0,0,0,0,0,0,0,0,0,0,0,0,0,0,0,0,0,0,0,0,0,0,0,0,0,0,0,0,0,0,0,0,0,0,0,0,0,0,0,0,0,0,0,0,0,0,0,0,0,0,0,0,0,0,0,0,0,0,0,0,0,0,0,0,0,0,0,0,0,0,0,0,0,0,0,0,0,0,0,0,0,0,0,0,0,0,0,0,0,0,0,0,0,0,0,0,0,0,0,0,0,0,0,0,0,0,0,0,0,0,0,0,0,0,0,0,0,0,0,0,0,0,0,0,0,0,0,0,0,0,0,0,0,0,0,0,0,0,0,0,0,0,0,0,0,0,0,0,0,0,0,0,0,0,0,0,0,0,0,0,0,0,0,0,0,0,0,0,0,0,0,0,0,0,0,0,0,0,0,0,0,0,0,0,0,0,0,0,0,0,0,0,0,0,0,0,0,0,0,0,0,0,0,0,0,0,0,0,0,0,0,0,0,0,0,0,0,0,0,0,0,0,0,0,0,0,0,0,0,0,0,0,0,0,0;21,167,763,2493,6545,14755,29751,55097,95437,156639,245939,372085,545481,778331,1084783,1481073,1985669,2619415,3405675,4370477,5542657,6954003,8639399,10636969,12988221,15738191,18935587,22632933,26886713,31757515,37310175,43613921,50742517,58774407,67792859,77886109,89147505,101675651,115574551,130953753,147928493,166619839,187154835,209666645,234294697,261184827,290489423,322367569,356985189,394515191,435137611,479039757,526416353,577469683,632409735,691454345,754829341,822768687,895514627,973317829,1056437529,1145141675,1239707071,1340419521,1447573973,1561474663,1682435259,1810779005,1946838865,2090957667,2243488247,2404793593,2575246989,2755232159,2945143411,3145385781,3356375177,3578538523,3812313903,4058150705,4316509765,4587863511,4872696107,5171503597,5484794049,5813087699,6156917095,6516827241,6893375741,7287132943,7698682083,8128619429,8577554425,9046109835,9534921887,10044640417,10575929013,11129465159,11705940379,12306060381
4,4,4,3,3,2;4,-8,-10,1;31,182,0,0,0,0,0,0,0,0,0,0,0,0,0,0,0,0,0,0,0,0,0,0,0,0,0,0,0,0,0,0,0,0,0,0,0,0,0,0,0,0,0,0,0,0,0,0,0,0,0,0,0,0,0,0,0,0,0,0,0,0,0,0,0,0,0,0,0,0,0,0,0,0,0,0,0,0,0,0,0,0,0,0,0,0,0,0,0,0,0,0,0,0,0,0,0,0,0,0,0,0,0,0,0,0,0,0,0,0,0,0,0,0,0,0,0,0,0,0,0,0,0,0,0,0,0,0,0,0,0,0,0,0,0,0,0,0,0,0,0,0,0,0,0,0,0,0,0,0,0,0,0,0,0,0,0,0,0,0,0,0,0,0,0,0,0,0,0,0,0,0,0,0,0,0,0,0,0,0,0,0,0,0,0,0,0,0,0,0,0,0,0,0,0,0,0,0,0,0,0,0,0,0,0,0,0,0,0,0,0,0,0,0,0,0,0,0,0,0,0,0,0,0,0,0,0,0,0,0,0,0,0,0,0,0,0,0,0,0,0,0,0,0,0,0,0,0,0,0,0,0;21,165,749,2439,6391,14391,28995,53669,92929,152481,239361,362075,530739,757219,1055271,1440681,1931405,2547709,3312309,4250511,5390351,6762735,8401579,10343949,12630201,15304121,18413065,22008099,26144139,30880091,36278991,42408145,49339269,57148629,65917181,75730711,86679975,98860839,112374419,127327221,143831281,162004305,181969809,203857259,227802211,253946451,282438135,313431929,347089149,383577901,423073221,465757215,511819199,561455839,614871291,672277341,733893545,799947369,870674329,946318131,1027130811,1113372875,1205313439,1303230369,1407410421,1518149381,1635752205,1760533159,1892815959,2032933911,2181230051,2338057285,2503778529,2678766849,2863405601,3058088571,3263220115,3479215299,3706500039,3945511241,4196696941,4460516445,4737440469,5027951279,5332542831,5651720911,5986003275,6335919789,6702012569,7084836121,7484957481,7902956355,8339425259,8794969659,9270208111,9765772401,10282307685,10820472629,11380939549,11964394551
4,4,4,3,3,2;8,8,-10,-10,1;91,182,0,0,0,0,0,0,0,0,0,0,0,0,0,0,0,0,0,0,0,0,0,0,0,0,0,0,0,0,0,0,0,0,0,0,0,0,0,0,0,0,0,0,0,0,0,0,0,0,0,0,0,0,0,0,0,0,0,0,0,0,0,0,0,0,0,0,0,0,0,0,0,0,0,0,0,0,0,0,0,0,0,0,0,0,0,0,0,0,0,0,0,0,0,0,0,0,0,0,0,0,0,0,0,0,0,0,0,0,0,0,0,0,0,0,0,0,0,0,0,0,0,0,0,0,0,0,0,0,0,0,0,0,0,0,0,0,0,0,0,0,0,0,0,0,0,0,0,0,0,0,0,0,0,0,0,0,0,0,0,0,0,0,0,0,0,0,0,0,0,0,0,0,0,0,0,0,0,0,0,0,0,0,0,0,0,0,0,0,0,0,0,0,0,0,0,0,0,0,0,0,0,0,0,0,0,0,0,0,0,0,0,0,0,0,0,0,0,0,0,0,0,0,0,0,0,0,0,0,0,0,0,0,0,0,0,0,0,0,0,0,0,0,0,0,0,0,0,0,0,0;21,169,777,2547,6699,15119,30507,56525,97945,160797,252517,382095,560223,799443,1114295,1521465,2039933,2691121,3499041,4490443,5694963,7145271,8877219,10929989,13346241,16172261,19458109,23257767,27629287,32634939,38341359,44819697,52145765,60400185,69668537,80041507,91615035,104490463,118774683,134580285,152025705,171235373,192339861,215476031,240787183,268423203,298540711,331303209,366881229,405452481,447202001,492322299,541013507,593483527,649948179,710631349,775765137,845590005,920354925,1000317527,1085744247,1176910475,1274100703,1377608673,1487737525,1604799945,1729118313,1861024851,2000861771,2148981423,2305746443,2471529901,2646715449,2831697469,3026881221,3232682991,3449530239,3677861747,3918127767,4170790169,4436322589,4715210577,5007951745,5315055915,5637045267,5974454487,6327830915,6697734693,7084738913,7489429765,7912406685,8354282503,8815683591,9297250011,9799635663,10323508433,10869550341,11438457689,12030941209,12647726211
4,4,4,4,2,2;4,12,5,-12,-10,1;87,186,0,0,0,0,0,0,0,0,0,0,0,0,0,0,0,0,0,0,0,0,0,0,0,0,0,0,0,0,0,0,0,0,0,0,0,0,0,0,0,0,0,0,0,0,0,0,0,0,0,0,0,0,0,0,0,0,0,0,0,0,0,0,0,0,0,0,0,0,0,0,0,0,0,0,0,0,0,0,0,0,0,0,0,0,0,0,0,0,0,0,0,0,0,0,0,0,0,0,0,0,0,0,0,0,0,0,0,0,0,0,0,0,0,0,0,0,0,0,0,0,0,0,0,0,0,0,0,0,0,0,0,0,0,0,0,0,0,0,0,0,0,0,0,0,0,0,0,0,0,0,0,0,0,0,0,0,0,0,0,0,0,0,0,0,0,0,0,0,0,0,0,0,0,0,0,0,0,0,0,0,0,0,0,0,0,0,0,0,0,0,0,0,0,0,0,0,0,0,0,0,0,0,0,0,0,0,0,0,0,0,0,0,0,0,0,0,0,0,0,0,0,0,0,0,0,0,0,0,0,0,0,0,0,0,0,0,0,0,0,0,0,0,0,0,0,0,0,0,0,0;21,163,735,2385,6237,14027,28239,52241,90421,148323,232783,352065,515997,736107,1025759,1400289,1877141,2476003,3218943,4130545,5238045,6571467,8163759,10050929,12272181,14870051,17890543,21383265,25401565,30002667,35247807,41202369,47936021,55522851,64041503,73575313,84212445,96046027,109174287,123700689,139734069,157388771,176784783,198047873,221309725,246708075,274386847,304496289,337193109,372640611,411008831,452474673,497222045,545441995,597332847,653100337,712957749,777126051,845834031,919318433,997824093,1081604075,1170919807,1266041217,1367246869,1474824099,1589069151,1710287313,1838793053,1974910155,2118971855,2271320977,2432310069,2602301539,2781667791,2970791361,3170065053,3379892075,3600686175,3832871777,4076884117,4333169379,4602184831,4884398961,5180291613,5490354123,5815089455,6155012337,6510649397,6882539299,7271232879,7677293281,8101296093,8543829483,9005494335,9486904385,9988686357,10511480099,11055938719,11622728721
4,4,4,4,3,3;-1,4,3,-12,-11,1;123,174,0,0,0,0,0,0,0,0,0,0,0,0,0,0,0,0,0,0,0,0,0,0,0,0,0,0,0,0,0,0,0,0,0,0,0,0,0,0,0,0,0,0,0,0,0,0,0,0,0,0,0,0,0,0,0,0,0,0,0,0,0,0,0,0,0,0,0,0,0,0,0,0,0,0,0,0,0,0,0,0,0,0,0,0,0,0,0,0,0,0,0,0,0,0,0,0,0,0,0,0,0,0,0,0,0,0,0,0,0,0,0,0,0,0,0,0,0,0,0,0,0,0,0,0,0,0,0,0,0,0,0,0,0,0,0,0,0,0,0,0,0,0,0,0,0,0,0,0,0,0,0,0,0,0,0,0,0,0,0,0,0,0,0,0,0,0,0,0,0,0,0,0,0,0,0,0,0,0,0,0,0,0,0,0,0,0,0,0,0,0,0,0,0,0,0,0,0,0,0,0,0,0,0,0,0,0,0,0,0,0,0,0,0,0,0,0,0,0,0,0,0,0,0,0,0,0,0,0,0,0,0,0,0,0,0,0,0,0,0,0,0,0,0,0,0,0,0,0,0,0;23,191,889,2931,7733,17485,35323,65501,113563,186515,292997,443455,650313,928145,1293847,1766809,2369087,3125575,4064177,5215979,6615421,8300469,10312787,12697909,15505411,18789083,22607101,27022199,32101841,37918393,44549295,52077233,60590311,70182223,80952425,93006307,106455365,121417373,138016555,156383757,176656619,198979747,223504885,250391087,279804889,311920481,346919879,384993097,426338319,471162071,519679393,572114011,628698509,689674501,755292803,825813605,901506643,982651371,1069537133,1162463335,1261739617,1367686025,1480633183,1600922465,1728906167,1864947679,2009421657,2162714195,2325222997,2497357549,2679539291,2872201789,3075790907,3290764979,3517594981,3756764703,4008770921,4274123569,4553345911,4846974713,5155560415,5479667303,5819873681,6176772043,6550969245,6943086677,7353760435,7783641493,8233395875,8703704827,9195264989,9708788567,10245003505,10804653657,11388498959,11997315601,12631896199,13293049967,13981602889,14698397891
4,4,4,4,3,3;4,5,-12,-11,1;123,188,0,0,0,0,0,0,0,0,0,0,0,0,0,0,0,0,0,0,0,0,0,0,0,0,0,0,0,0,0,0,0,0,0,0,0,0,0,0,0,0,0,0,0,0,0,0,0,0,0,0,0,0,0,0,0,0,0,0,0,0,0,0,0,0,0,0,0,0,0,0,0,0,0,0,0,0,0,0,0,0,0,0,0,0,0,0,0,0,0,0,0,0,0,0,0,0,0,0,0,0,0,0,0,0,0,0,0,0,0,0,0,0,0,0,0,0,0,0,0,0,0,0,0,0,0,0,0,0,0,0,0,0,0,0,0,0,0,0,0,0,0,0,0,0,0,0,0,0,0,0,0,0,0,0,0,0,0,0,0,0,0,0,0,0,0,0,0,0,0,0,0,0,0,0,0,0,0,0,0,0,0,0,0,0,0,0,0,0,0,0,0,0,0,0,0,0,0,0,0,0,0,0,0,0,0,0,0,0,0,0,0,0,0,0,0,0,0,0,0,0,0,0,0,0,0,0,0,0,0,0,0,0,0,0,0,0,0,0,0,0,0,0,0,0,0,0,0,0,0,0;23,193,903,2985,7887,17849,36079,66929,116071,190673,299575,453465,665055,949257,1323359,1807201,2423351,3197281,4157543,5335945,6767727,8491737,10550607,12990929,15863431,19223153,23129623,27647033,32844415,38795817,45580479,53283009,61993559,71808001,82828103,95161705,108922895,124232185,141216687,160010289,180753831,203595281,228689911,256200473,286297375,319158857,354971167,393928737,436234359,482099361,531743783,585396553,643295663,705688345,772831247,844990609,922442439,1005472689,1094377431,1189463033,1291046335,1399454825,1515026815,1638111617,1769069719,1908272961,2056104711,2212960041,2379245903,2555381305,2741797487,2938938097,3147259367,3367230289,3599332791,3844061913,4101925983,4373446793,4659159775,4959614177,5275373239,5607014369,5955129319,6320324361,6703220463,7104453465,7524674255,7964548945,8424759047,8906001649,9408989591,9934451641,10483132671,11055793833,11653212735,12276183617,12925517527,13602042497,14306603719,15040063721
4,4,4,4,4,2;4,-14,-11,1;123,186,0,0,0,0,0,0,0,0,0,0,0,0,0,0,0,0,0,0,0,0,0,0,0,0,0,0,0,0,0,0,0,0,0,0,0,0,0,0,0,0,0,0,0,0,0,0,0,0,0,0,0,0,0,0,0,0,0,0,0,0,0,0,0,0,0,0,0,0,0,0,0,0,0,0,0,0,0,0,0,0,0,0,0,0,0,0,0,0,0,0,0,0,0,0,0,0,0,0,0,0,0,0,0,0,0,0,0,0,0,0,0,0,0,0,0,0,0,0,0,0,0,0,0,0,0,0,0,0,0,0,0,0,0,0,0,0,0,0,0,0,0,0,0,0,0,0,0,0,0,0,0,0,0,0,0,0,0,0,0,0,0,0,0,0,0,0,0,0,0,0,0,0,0,0,0,0,0,0,0,0,0,0,0,0,0,0,0,0,0,0,0,0,0,0,0,0,0,0,0,0,0,0,0,0,0,0,0,0,0,0,0,0,0,0,0,0,0,0,0,0,0,0,0,0,0,0,0,0,0,0,0,0,0,0,0,0,0,0,0,0,0,0,0,0,0,0,0,0,0,0;23,187,861,2823,7425,16757,33811,62645,108547,178199,279841,423435,620829,885921,1234823,1686025,2260559,2982163,3877445,4976047,6310809,7917933,9837147,12111869,14789371,17920943,21562057,25772531,30616693,36163545,42486927,49665681,57783815,66930667,77201069,88695511,101520305,115787749,131616291,149130693,168462195,189748679,213134833,238772315,266819917,297443729,330817303,367121817,406546239,449287491,495550613,545548927,599504201,657646813,720215915,787459597,859635051,937008735,1019856537,1108463939,1203126181,1304148425,1411845919,1526544161,1648579063,1778297115,1916055549,2062222503,2217177185,2381310037,2555022899,2738729173,2932853987,3137834359,3354119361,3582170283,3822460797,4075477121,4341718183,4621695785,4915934767,5224973171,5549362405,5889667407,6246466809,6620353101,7011932795,7421826589,7850669531,8299111183,8767815785,9257462419,9768745173,10302373305,10859071407,11439579569,12044653543,12675064907,13331601229,14015066231
4,4,4,4,4,4;-16,-12,1;123,252,0,0,0,0,0,0,0,0,0,0,0,0,0,0,0,0,0,0,0,0,0,0,0,0,0,0,0,0,0,0,0,0,0,0,0,0,0,0,0,0,0,0,0,0,0,0,0,0,0,0,0,0,0,0,0,0,0,0,0,0,0,0,0,0,0,0,0,0,0,0,0,0,0,0,0,0,0,0,0,0,0,0,0,0,0,0,0,0,0,0,0,0,0,0,0,0,0,0,0,0,0,0,0,0,0,0,0,0,0,0,0,0,0,0,0,0,0,0,0,0,0,0,0,0,0,0,0,0,0,0,0,0,0,0,0,0,0,0,0,0,0,0,0,0,0,0,0,0,0,0,0,0,0,0,0,0,0,0,0,0,0,0,0,0,0,0,0,0,0,0,0,0,0,0,0,0,0,0,0,0,0,0,0,0,0,0,0,0,0,0,0,0,0,0,0,0,0,0,0,0,0,0,0,0,0,0,0,0,0,0,0,0,0,0,0,0,0,0,0,0,0,0,0,0,0,0,0,0,0,0,0,0,0,0,0,0,0,0,0,0,0,0,0,0,0,0,0,0,0,0;25,217,1029,3423,9075,20579,41651,77333,134197,220549,346633,524835,769887,1099071,1532423,2092937,2806769,3703441,4816045,6181447,7840491,9838203,12223995,15051869,18380621,22274045,26801137,32036299,38059543,44956695,52819599,61746321,71841353,83215817,95987669,110281903,126230755,143973907,163658691,185440293,209481957,235955189,265039961,296924915,331807567,369894511,411401623,456554265,505587489,558746241,616285565,678470807,745577819,817893163,895714315,979349869,1069119741,1165355373,1268399937,1378608539,1496348423,1621999175,1755952927,1898614561,2050401913,2211745977,2383091109,2564895231,2757630035,2961781187,3177848531,3406346293,3647803285,3902763109,4171784361,4455440835,4754321727,5069031839,5400191783,5748438185,6114423889,6498818161,6902306893,7325592807,7769395659,8234452443,8721517595,9231363197,9764779181,10322573533,10905572497,11514620779,12150581751,12814337655,13506789807,14228858801,14981484713,15765627305,16582266229,17432401231
5,3,3,3,2,2;-1,8,9,-8,-9,1;26,190,0,0,0,0,0,0,0,0,0,0,0,0,0,0,0,0,0,0,0,0,0,0,0,0,0,0,0,0,0,0,0,0,0,0,0,0,0,0,0,0,0,0,0,0,0,0,0,0,0,0,0,0,0,0,0,0,0,0,0,0,0,0,0,0,0,0,0,0,0,0,0,0,0,0,0,0,0,0,0,0,0,0,0,0,0,0,0,0,0,0,0,0,0,0,0,0,0,0,0,0,0,0,0,0,0,0,0,0,0,0,0,0,0,0,0,0,0,0,0,0,0,0,0,0,0,0,0,0,0,0,0,0,0,0,0,0,0,0,0,0,0,0,0,0,0,0,0,0,0,0,0,0,0,0,0,0,0,0,0,0,0,0,0,0,0,0,0,0,0,0,0,0,0,0,0,0,0,0,0,0,0,0,0,0,0,0,0,0,0,0,0,0,0,0,0,0,0,0,0,0,0,0,0,0,0,0,0,0,0,0,0,0,0,0,0,0,0,0,0,0,0,0,0,0,0,0,0,0,0,0,0,0,0,0,0,0,0,0,0,0,0,0,0,0,0,0,0,0,0,0;19,145,651,2109,5511,12389,24935,46121,79819,130921,205459,310725,455391,649629,905231,1235729,1656515,2184961,2840539,3644941,4622199,5798805,7203831,8869049,10829051,13121369,15786595,18868501,22414159,26474061,31102239,36356385,42297971,48992369,56508971,64921309,74307175,84748741,96332679,109150281,123297579,138875465,155989811,174751589,195276991,217687549,242110255,268677681,297528099,328805601,362660219,399248045,438731351,481278709,527065111,576272089,629087835,685707321,746332419,811172021,880442159,954366125,1033174591,1117105729,1206405331,1301326929,1402131915,1509089661,1622477639,1742581541,1869695399,2004121705,2146171531,2296164649,2454429651,2621304069,2797134495,2982276701,3177095759,3381966161,3597271939,3823406785,4060774171,4309787469,4570870071,4844455509,5130987575,5430920441,5744718779,6072857881,6415823779,6774113365,7148234511,7538706189,7946058591,8370833249,8813583155,9274872881,9755278699,10255388701
5,3,3,3,3,3;-5,8,10,-10,-10,1;89,190,0,0,0,0,0,0,0,0,0,0,0,0,0,0,0,0,0,0,0,0,0,0,0,0,0,0,0,0,0,0,0,0,0,0,0,0,0,0,0,0,0,0,0,0,0,0,0,0,0,0,0,0,0,0,0,0,0,0,0,0,0,0,0,0,0,0,0,0,0,0,0,0,0,0,0,0,0,0,0,0,0,0,0,0,0,0,0,0,0,0,0,0,0,0,0,0,0,0,0,0,0,0,0,0,0,0,0,0,0,0,0,0,0,0,0,0,0,0,0,0,0,0,0,0,0,0,0,0,0,0,0,0,0,0,0,0,0,0,0,0,0,0,0,0,0,0,0,0,0,0,0,0,0,0,0,0,0,0,0,0,0,0,0,0,0,0,0,0,0,0,0,0,0,0,0,0,0,0,0,0,0,0,0,0,0,0,0,0,0,0,0,0,0,0,0,0,0,0,0,0,0,0,0,0,0,0,0,0,0,0,0,0,0,0,0,0,0,0,0,0,0,0,0,0,0,0,0,0,0,0,0,0,0,0,0,0,0,0,0,0,0,0,0,0,0,0,0,0,0,0;21,171,791,2601,6853,15483,31263,57953,100453,164955,259095,392105,574965,820555,1143807,1561857,2094197,2762827,3592407,4610409,5847269,7336539,9115039,11223009,13704261,16606331,19980631,23882601,28371861,33512363,39372543,46025473,53549013,62025963,71544215,82196905,94082565,107305275,121974815,138206817,156122917,175850907,197524887,221285417,247279669,275661579,306591999,340238849,376777269,416389771,459266391,505604841,555610661,609497371,667486623,729808353,796700933,868411323,945195223,1027317225,1115050965,1208679275,1308494335,1414797825,1527901077,1648125227,1775801367,1911270697,2054884677,2207005179,2368004639,2538266209,2718183909,2908162779,3108619031,3319980201,3542685301,3777184971,4023941631,4283429633,4556135413,4842557643,5143207383,5458608233,5789296485,6135821275,6498744735,6878642145,7276102085,7691726587,8126131287,8579945577,9053812757,9548390187,10064349439,10602376449,11163171669,11747450219,12355942039,12989392041
5,4,3,2,2,2;4,6,-8,-9,1;19,190,0,0,0,0,0,0,0,0,0,0,0,0,0,0,0,0,0,0,0,0,0,0,0,0,0,0,0,0,0,0,0,0,0,0,0,0,0,0,0,0,0,0,0,0,0,0,0,0,0,0,0,0,0,0,0,0,0,0,0,0,0,0,0,0,0,0,0,0,0,0,0,0,0,0,0,0,0,0,0,0,0,0,0,0,0,0,0,0,0,0,0,0,0,0,0,0,0,0,0,0,0,0,0,0,0,0,0,0,0,0,0,0,0,0,0,0,0,0,0,0,0,0,0,0,0,0,0,0,0,0,0,0,0,0,0,0,0,0,0,0,0,0,0,0,0,0,0,0,0,0,0,0,0,0,0,0,0,0,0,0,0,0,0,0,0,0,0,0,0,0,0,0,0,0,0,0,0,0,0,0,0,0,0,0,0,0,0,0,0,0,0,0,0,0,0,0,0,0,0,0,0,0,0,0,0,0,0,0,0,0,0,0,0,0,0,0,0,0,0,0,0,0,0,0,0,0,0,0,0,0,0,0,0,0,0,0,0,0,0,0,0,0,0,0,0,0,0,0,0,0;19,141,623,2001,5203,11661,23423,43265,74803,122605,192303,290705,425907,607405,846207,1154945,1547987,2041549,2653807,3405009,4317587,5416269,6728191,8283009,10113011,12253229,14741551,17618833,20929011,24719213,29039871,33944833,39491475,45740813,52757615,60610513,69372115,79119117,89932415,101897217,115103155,129644397,145619759,163132817,182292019,203210797,226007679,250806401,277736019,306931021,338531439,372682961,409537043,449251021,491988223,537918081,587216243,640064685,696651823,757172625,821828723,890828525,964387327,1042727425,1126078227,1214676365,1308765807,1408597969,1514431827,1626534029,1745179007,1870649089,2003234611,2143234029,2290954031,2446709649,2610824371,2783630253,2965468031,3156687233,3357646291,3568712653,3790262895,4022682833,4266367635,4521721933,4789159935,5069105537,5361992435,5668264237,5988374575,6322787217,6671976179,7036425837,7416631039,7813097217,8226340499,8656887821,9105277039,9572057041
5,4,3,3,3,2;4,14,7,-12,-10,1;75,190,0,0,0,0,0,0,0,0,0,0,0,0,0,0,0,0,0,0,0,0,0,0,0,0,0,0,0,0,0,0,0,0,0,0,0,0,0,0,0,0,0,0,0,0,0,0,0,0,0,0,0,0,0,0,0,0,0,0,0,0,0,0,0,0,0,0,0,0,0,0,0,0,0,0,0,0,0,0,0,0,0,0,0,0,0,0,0,0,0,0,0,0,0,0,0,0,0,0,0,0,0,0,0,0,0,0,0,0,0,0,0,0,0,0,0,0,0,0,0,0,0,0,0,0,0,0,0,0,0,0,0,0,0,0,0,0,0,0,0,0,0,0,0,0,0,0,0,0,0,0,0,0,0,0,0,0,0,0,0,0,0,0,0,0,0,0,0,0,0,0,0,0,0,0,0,0,0,0,0,0,0,0,0,0,0,0,0,0,0,0,0,0,0,0,0,0,0,0,0,0,0,0,0,0,0,0,0,0,0,0,0,0,0,0,0,0,0,0,0,0,0,0,0,0,0,0,0,0,0,0,0,0,0,0,0,0,0,0,0,0,0,0,0,0,0,0,0,0,0,0;21,167,763,2493,6545,14755,29751,55097,95437,156639,245939,372085,545481,778331,1084783,1481073,1985669,2619415,3405675,4370477,5542657,6954003,8639399,10636969,12988221,15738191,18935587,22632933,26886713,31757515,37310175,43613921,50742517,58774407,67792859,77886109,89147505,101675651,115574551,130953753,147928493,166619839,187154835,209666645,234294697,261184827,290489423,322367569,356985189,394515191,435137611,479039757,526416353,577469683,632409735,691454345,754829341,822768687,895514627,973317829,1056437529,1145141675,1239707071,1340419521,1447573973,1561474663,1682435259,1810779005,1946838865,2090957667,2243488247,2404793593,2575246989,2755232159,2945143411,3145385781,3356375177,3578538523,3812313903,4058150705,4316509765,4587863511,4872696107,5171503597,5484794049,5813087699,6156917095,6516827241,6893375741,7287132943,7698682083,8128619429,8577554425,9046109835,9534921887,10044640417,10575929013,11129465159,11705940379,12306060381
5,4,3,3,3,2;4,5,-10,-10,1;27,190,0,0,0,0,0,0,0,0,0,0,0,0,0,0,0,0,0,0,0,0,0,0,0,0,0,0,0,0,0,0,0,0,0,0,0,0,0,0,0,0,0,0,0,0,0,0,0,0,0,0,0,0,0,0,0,0,0,0,0,0,0,0,0,0,0,0,0,0,0,0,0,0,0,0,0,0,0,0,0,0,0,0,0,0,0,0,0,0,0,0,0,0,0,0,0,0,0,0,0,0,0,0,0,0,0,0,0,0,0,0,0,0,0,0,0,0,0,0,0,0,0,0,0,0,0,0,0,0,0,0,0,0,0,0,0,0,0,0,0,0,0,0,0,0,0,0,0,0,0,0,0,0,0,0,0,0,0,0,0,0,0,0,0,0,0,0,0,0,0,0,0,0,0,0,0,0,0,0,0,0,0,0,0,0,0,0,0,0,0,0,0,0,0,0,0,0,0,0,0,0,0,0,0,0,0,0,0,0,0,0,0,0,0,0,0,0,0,0,0,0,0,0,0,0,0,0,0,0,0,0,0,0,0,0,0,0,0,0,0,0,0,0,0,0,0,0,0,0,0,0;21,165,749,2439,6391,14391,28995,53669,92929,152481,239361,362075,530739,757219,1055271,1440681,1931405,2547709,3312309,4250511,5390351,6762735,8401579,10343949,12630201,15304121,18413065,22008099,26144139,30880091,36278991,42408145,49339269,57148629,65917181,75730711,86679975,98860839,112374419,127327221,143831281,162004305,181969809,203857259,227802211,253946451,282438135,313431929,347089149,383577901,423073221,465757215,511819199,561455839,614871291,672277341,733893545,799947369,870674329,946318131,1027130811,1113372875,1205313439,1303230369,1407410421,1518149381,1635752205,1760533159,1892815959,2032933911,2181230051,2338057285,2503778529,2678766849,2863405601,3058088571,3263220115,3479215299,3706500039,3945511241,4196696941,4460516445,4737440469,5027951279,5332542831,5651720911,5986003275,6335919789,6702012569,7084836121,7484957481,7902956355,8339425259,8794969659,9270208111,9765772401,10282307685,10820472629,11380939549,11964394551
5,4,4,3,2,2;-1,6,4,-12,-10,1;26,254,0,0,0,0,0,0,0,0,0,0,0,0,0,0,0,0,0,0,0,0,0,0,0,0,0,0,0,0,0,0,0,0,0,0,0,0,0,0,0,0,0,0,0,0,0,0,0,0,0,0,0,0,0,0,0,0,0,0,0,0,0,0,0,0,0,0,0,0,0,0,0,0,0,0,0,0,0,0,0,0,0,0,0,0,0,0,0,0,0,0,0,0,0,0,0,0,0,0,0,0,0,0,0,0,0,0,0,0,0,0,0,0,0,0,0,0,0,0,0,0,0,0,0,0,0,0,0,0,0,0,0,0,0,0,0,0,0,0,0,0,0,0,0,0,0,0,0,0,0,0,0,0,0,0,0,0,0,0,0,0,0,0,0,0,0,0,0,0,0,0,0,0,0,0,0,0,0,0,0,0,0,0,0,0,0,0,0,0,0,0,0,0,0,0,0,0,0,0,0,0,0,0,0,0,0,0,0,0,0,0,0,0,0,0,0,0,0,0,0,0,0,0,0,0,0,0,0,0,0,0,0,0,0,0,0,0,0,0,0,0,0,0,0,0,0,0,0,0,0,0;21,163,735,2385,6237,14027,28239,52241,90421,148323,232783,352065,515997,736107,1025759,1400289,1877141,2476003,3218943,4130545,5238045,6571467,8163759,10050929,12272181,14870051,17890543,21383265,25401565,30002667,35247807,41202369,47936021,55522851,64041503,73575313,84212445,96046027,109174287,123700689,139734069,157388771,176784783,198047873,221309725,246708075,274386847,304496289,337193109,372640611,411008831,452474673,497222045,545441995,597332847,653100337,712957749,777126051,845834031,919318433,997824093,1081604075,1170919807,1266041217,1367246869,1474824099,1589069151,1710287313,1838793053,1974910155,2118971855,2271320977,2432310069,2602301539,2781667791,2970791361,3170065053,3379892075,3600686175,3832871777,4076884117,4333169379,4602184831,4884398961,5180291613,5490354123,5815089455,6155012337,6510649397,6882539299,7271232879,7677293281,8101296093,8543829483,9005494335,9486904385,9988686357,10511480099,11055938719,11622728721
5,4,4,3,3,3;-12,-11,1;31,190,0,0,0,0,0,0,0,0,0,0,0,0,0,0,0,0,0,0,0,0,0,0,0,0,0,0,0,0,0,0,0,0,0,0,0,0,0,0,0,0,0,0,0,0,0,0,0,0,0,0,0,0,0,0,0,0,0,0,0,0,0,0,0,0,0,0,0,0,0,0,0,0,0,0,0,0,0,0,0,0,0,0,0,0,0,0,0,0,0,0,0,0,0,0,0,0,0,0,0,0,0,0,0,0,0,0,0,0,0,0,0,0,0,0,0,0,0,0,0,0,0,0,0,0,0,0,0,0,0,0,0,0,0,0,0,0,0,0,0,0,0,0,0,0,0,0,0,0,0,0,0,0,0,0,0,0,0,0,0,0,0,0,0,0,0,0,0,0,0,0,0,0,0,0,0,0,0,0,0,0,0,0,0,0,0,0,0,0,0,0,0,0,0,0,0,0,0,0,0,0,0,0,0,0,0,0,0,0,0,0,0,0,0,0,0,0,0,0,0,0,0,0,0,0,0,0,0,0,0,0,0,0,0,0,0,0,0,0,0,0,0,0,0,0,0,0,0,0,0,0;23,187,861,2823,7425,16757,33811,62645,108547,178199,279841,423435,620829,885921,1234823,1686025,2260559,2982163,3877445,4976047,6310809,7917933,9837147,12111869,14789371,17920943,21562057,25772531,30616693,36163545,42486927,49665681,57783815,66930667,77201069,88695511,101520305,115787749,131616291,149130693,168462195,189748679,213134833,238772315,266819917,297443729,330817303,367121817,406546239,449287491,495550613,545548927,599504201,657646813,720215915,787459597,859635051,937008735,1019856537,1108463939,1203126181,1304148425,1411845919,1526544161,1648579063,1778297115,1916055549,2062222503,2217177185,2381310037,2555022899,2738729173,2932853987,3137834359,3354119361,3582170283,3822460797,4075477121,4341718183,4621695785,4915934767,5224973171,5549362405,5889667407,6246466809,6620353101,7011932795,7421826589,7850669531,8299111183,8767815785,9257462419,9768745173,10302373305,10859071407,11439579569,12044653543,12675064907,13331601229,14015066231
5,4,4,3,3,3;8,4,-14,-11,1;91,190,0,0,0,0,0,0,0,0,0,0,0,0,0,0,0,0,0,0,0,0,0,0,0,0,0,0,0,0,0,0,0,0,0,0,0,0,0,0,0,0,0,0,0,0,0,0,0,0,0,0,0,0,0,0,0,0,0,0,0,0,0,0,0,0,0,0,0,0,0,0,0,0,0,0,0,0,0,0,0,0,0,0,0,0,0,0,0,0,0,0,0,0,0,0,0,0,0,0,0,0,0,0,0,0,0,0,0,0,0,0,0,0,0,0,0,0,0,0,0,0,0,0,0,0,0,0,0,0,0,0,0,0,0,0,0,0,0,0,0,0,0,0,0,0,0,0,0,0,0,0,0,0,0,0,0,0,0,0,0,0,0,0,0,0,0,0,0,0,0,0,0,0,0,0,0,0,0,0,0,0,0,0,0,0,0,0,0,0,0,0,0,0,0,0,0,0,0,0,0,0,0,0,0,0,0,0,0,0,0,0,0,0,0,0,0,0,0,0,0,0,0,0,0,0,0,0,0,0,0,0,0,0,0,0,0,0,0,0,0,0,0,0,0,0,0,0,0,0,0,0;23,191,889,2931,7733,17485,35323,65501,113563,186515,292997,443455,650313,928145,1293847,1766809,2369087,3125575,4064177,5215979,6615421,8300469,10312787,12697909,15505411,18789083,22607101,27022199,32101841,37918393,44549295,52077233,60590311,70182223,80952425,93006307,106455365,121417373,138016555,156383757,176656619,198979747,223504885,250391087,279804889,311920481,346919879,384993097,426338319,471162071,519679393,572114011,628698509,689674501,755292803,825813605,901506643,982651371,1069537133,1162463335,1261739617,1367686025,1480633183,1600922465,1728906167,1864947679,2009421657,2162714195,2325222997,2497357549,2679539291,2872201789,3075790907,3290764979,3517594981,3756764703,4008770921,4274123569,4553345911,4846974713,5155560415,5479667303,5819873681,6176772043,6550969245,6943086677,7353760435,7783641493,8233395875,8703704827,9195264989,9708788567,10245003505,10804653657,11388498959,11997315601,12631896199,13293049967,13981602889,14698397891
5,4,4,4,3,2;3,10,1,-16,-11,1;87,190,0,0,0,0,0,0,0,0,0,0,0,0,0,0,0,0,0,0,0,0,0,0,0,0,0,0,0,0,0,0,0,0,0,0,0,0,0,0,0,0,0,0,0,0,0,0,0,0,0,0,0,0,0,0,0,0,0,0,0,0,0,0,0,0,0,0,0,0,0,0,0,0,0,0,0,0,0,0,0,0,0,0,0,0,0,0,0,0,0,0,0,0,0,0,0,0,0,0,0,0,0,0,0,0,0,0,0,0,0,0,0,0,0,0,0,0,0,0,0,0,0,0,0,0,0,0,0,0,0,0,0,0,0,0,0,0,0,0,0,0,0,0,0,0,0,0,0,0,0,0,0,0,0,0,0,0,0,0,0,0,0,0,0,0,0,0,0,0,0,0,0,0,0,0,0,0,0,0,0,0,0,0,0,0,0,0,0,0,0,0,0,0,0,0,0,0,0,0,0,0,0,0,0,0,0,0,0,0,0,0,0,0,0,0,0,0,0,0,0,0,0,0,0,0,0,0,0,0,0,0,0,0,0,0,0,0,0,0,0,0,0,0,0,0,0,0,0,0,0,0;23,187,861,2823,7425,16757,33811,62645,108547,178199,279841,423435,620829,885921,1234823,1686025,2260559,2982163,3877445,4976047,6310809,7917933,9837147,12111869,14789371,17920943,21562057,25772531,30616693,36163545,42486927,49665681,57783815,66930667,77201069,88695511,101520305,115787749,131616291,149130693,168462195,189748679,213134833,238772315,266819917,297443729,330817303,367121817,406546239,449287491,495550613,545548927,599504201,657646813,720215915,787459597,859635051,937008735,1019856537,1108463939,1203126181,1304148425,1411845919,1526544161,1648579063,1778297115,1916055549,2062222503,2217177185,2381310037,2555022899,2738729173,2932853987,3137834359,3354119361,3582170283,3822460797,4075477121,4341718183,4621695785,4915934767,5224973171,5549362405,5889667407,6246466809,6620353101,7011932795,7421826589,7850669531,8299111183,8767815785,9257462419,9768745173,10302373305,10859071407,11439579569,12044653543,12675064907,13331601229,14015066231
5,4,4,4,4,3;4,-3,-18,-12,1;123,190,0,0,0,0,0,0,0,0,0,0,0,0,0,0,0,0,0,0,0,0,0,0,0,0,0,0,0,0,0,0,0,0,0,0,0,0,0,0,0,0,0,0,0,0,0,0,0,0,0,0,0,0,0,0,0,0,0,0,0,0,0,0,0,0,0,0,0,0,0,0,0,0,0,0,0,0,0,0,0,0,0,0,0,0,0,0,0,0,0,0,0,0,0,0,0,0,0,0,0,0,0,0,0,0,0,0,0,0,0,0,0,0,0,0,0,0,0,0,0,0,0,0,0,0,0,0,0,0,0,0,0,0,0,0,0,0,0,0,0,0,0,0,0,0,0,0,0,0,0,0,0,0,0,0,0,0,0,0,0,0,0,0,0,0,0,0,0,0,0,0,0,0,0,0,0,0,0,0,0,0,0,0,0,0,0,0,0,0,0,0,0,0,0,0,0,0,0,0,0,0,0,0,0,0,0,0,0,0,0,0,0,0,0,0,0,0,0,0,0,0,0,0,0,0,0,0,0,0,0,0,0,0,0,0,0,0,0,0,0,0,0,0,0,0,0,0,0,0,0,0;25,213,1001,3315,8767,19851,40139,74477,129181,212233,333477,504815,740403,1056847,1473399,2012153,2698241,3560029,4629313,5941515,7535879,9455667,11748355,14465829,17664581,21405905,25756093,30786631,36574395,43201847,50757231,59334769,69034857,79964261,92236313,105971107,121295695,138344283,157258427,178187229,201287533,226724121,254669909,285306143,318822595,355417759,395299047,438682985,485795409,536871661,592156785,651905723,716383511,785865475,860637427,940995861,1027248149,1119712737,1218719341,1324609143,1437734987,1558461575,1687165663,1824236257,1970074809,2125095413,2289725001,2464403539,2649584223,2845733675,3053332139,3272873677,3504866365,3749832489,4008308741,4280846415,4568011603,4870385391,5188564055,5523159257,5874798241,6244124029,6631795617,7038488171,7464893223,7911718867,8379689955,8869548293,9382052837,9917979889,10478123293,11063294631,11674323419,12312057303,12977362255,13671122769,14394242057,15147642245,15932264569,16749069571
5,5,2,2,2,2;-8,-9,1;3,254,0,0,0,0,0,0,0,0,0,0,0,0,0,0,0,0,0,0,0,0,0,0,0,0,0,0,0,0,0,0,0,0,0,0,0,0,0,0,0,0,0,0,0,0,0,0,0,0,0,0,0,0,0,0,0,0,0,0,0,0,0,0,0,0,0,0,0,0,0,0,0,0,0,0,0,0,0,0,0,0,0,0,0,0,0,0,0,0,0,0,0,0,0,0,0,0,0,0,0,0,0,0,0,0,0,0,0,0,0,0,0,0,0,0,0,0,0,0,0,0,0,0,0,0,0,0,0,0,0,0,0,0,0,0,0,0,0,0,0,0,0,0,0,0,0,0,0,0,0,0,0,0,0,0,0,0,0,0,0,0,0,0,0,0,0,0,0,0,0,0,0,0,0,0,0,0,0,0,0,0,0,0,0,0,0,0,0,0,0,0,0,0,0,0,0,0,0,0,0,0,0,0,0,0,0,0,0,0,0,0,0,0,0,0,0,0,0,0,0,0,0,0,0,0,0,0,0,0,0,0,0,0,0,0,0,0,0,0,0,0,0,0,0,0,0,0,0,0,0,0;19,133,567,1785,4587,10205,20399,37553,64771,105973,165991,250665,366939,522957,728159,993377,1330931,1754725,2280343,2925145,3708363,4651197,5776911,7110929,8680931,10516949,12651463,15119497,17958715,21209517,24915135,29121729,33878483,39237701,45254903,51988921,59501995,67859869,77131887,87391089,98714307,111182261,124879655,139895273,156322075,174257293,193802527,215063841,238151859,263181861,290273879,319552793,351148427,385195645,421834447,461210065,503473059,548779413,597290631,649173833,704601851,763753325,826812799,893970817,965424019,1041375237,1122033591,1207614585,1298340203,1394439005,1496146223,1603703857,1717360771,1837372789,1964002791,2097520809,2238204123,2386337357,2542212575,2706129377,2878394995,3059324389,3249240343,3448473561,3657362763,3876254781,4105504655,4345475729,4596539747,4859076949,5133476167,5420134921,5719459515,6031865133,6357775935,6697625153,7051855187,7420917701,7805273719,8205393721
5,5,3,3,2,2;4,1,-12,-10,1;19,254,0,0,0,0,0,0,0,0,0,0,0,0,0,0,0,0,0,0,0,0,0,0,0,0,0,0,0,0,0,0,0,0,0,0,0,0,0,0,0,0,0,0,0,0,0,0,0,0,0,0,0,0,0,0,0,0,0,0,0,0,0,0,0,0,0,0,0,0,0,0,0,0,0,0,0,0,0,0,0,0,0,0,0,0,0,0,0,0,0,0,0,0,0,0,0,0,0,0,0,0,0,0,0,0,0,0,0,0,0,0,0,0,0,0,0,0,0,0,0,0,0,0,0,0,0,0,0,0,0,0,0,0,0,0,0,0,0,0,0,0,0,0,0,0,0,0,0,0,0,0,0,0,0,0,0,0,0,0,0,0,0,0,0,0,0,0,0,0,0,0,0,0,0,0,0,0,0,0,0,0,0,0,0,0,0,0,0,0,0,0,0,0,0,0,0,0,0,0,0,0,0,0,0,0,0,0,0,0,0,0,0,0,0,0,0,0,0,0,0,0,0,0,0,0,0,0,0,0,0,0,0,0,0,0,0,0,0,0,0,0,0,0,0,0,0,0,0,0,0,0;21,159,707,2277,5929,13299,26727,49385,85405,140007,219627,332045,486513,693883,966735,1319505,1768613,2332591,3032211,3890613,4933433,6188931,7688119,9464889,11556141,14001911,16845499,20133597,23916417,28247819,33185439,38790817,45129525,52271295,60290147,69264517,79277385,90416403,102774023,116447625,131539645,148157703,166414731,186429101,208324753,232231323,258284271,286625009,317401029,350766031,386880051,425909589,468027737,513414307,562255959,614746329,671086157,731483415,796153435,865319037,939210657,1018066475,1102132543,1191662913,1286919765,1388173535,1495703043,1609795621,1730747241,1858862643,1994455463,2137848361,2289373149,2449370919,2618192171,2796196941,2983754929,3181245627,3389058447,3607592849,3837258469,4078475247,4331673555,4597294325,4875789177,5167620547,5473261815,5793197433,6127923053,6477945655,6843783675,7225967133,7625037761,8041549131,8476066783,8929168353,9401443701,9893495039,10405937059,10939397061
5,5,3,3,3,3;7,16,3,-16,-11,1;75,254,0,0,0,0,0,0,0,0,0,0,0,0,0,0,0,0,0,0,0,0,0,0,0,0,0,0,0,0,0,0,0,0,0,0,0,0,0,0,0,0,0,0,0,0,0,0,0,0,0,0,0,0,0,0,0,0,0,0,0,0,0,0,0,0,0,0,0,0,0,0,0,0,0,0,0,0,0,0,0,0,0,0,0,0,0,0,0,0,0,0,0,0,0,0,0,0,0,0,0,0,0,0,0,0,0,0,0,0,0,0,0,0,0,0,0,0,0,0,0,0,0,0,0,0,0,0,0,0,0,0,0,0,0,0,0,0,0,0,0,0,0,0,0,0,0,0,0,0,0,0,0,0,0,0,0,0,0,0,0,0,0,0,0,0,0,0,0,0,0,0,0,0,0,0,0,0,0,0,0,0,0,0,0,0,0,0,0,0,0,0,0,0,0,0,0,0,0,0,0,0,0,0,0,0,0,0,0,0,0,0,0,0,0,0,0,0,0,0,0,0,0,0,0,0,0,0,0,0,0,0,0,0,0,0,0,0,0,0,0,0,0,0,0,0,0,0,0,0,0,0;23,189,875,2877,7579,17121,34567,64073,111055,182357,286419,433445,635571,907033,1264335,1726417,2314823,3053869,3970811,5096013,6463115,8109201,10074967,12404889,15147391,18355013,22084579,26397365,31359267,37040969,43518111,50871457,59187063,68556445,79076747,90850909,103987835,118602561,134816423,152757225,172559407,194364213,218319859,244581701,273312403,304682105,338868591,376057457,416442279,460224781,507615003,558831469,614101355,673660657,737754359,806636601,880570847,959830053,1044696835,1135463637,1232432899,1335917225,1446239551,1563733313,1688742615,1821622397,1962738603,2112468349,2271200091,2439333793,2617281095,2805465481,3004322447,3214299669,3435857171,3669467493,3915615859,4174800345,4447532047,4734335249,5035747591,5352320237,5684618043,6033219725,6398718027,6781719889,7182846615,7602734041,8042032703,8501408005,8981540387,9483125493,10006874339,10553513481,11123785183,11718447585,12338274871,12984057437,13656602059,14356732061
5,5,4,3,3,2;4,-2,-16,-11,1;27,254,0,0,0,0,0,0,0,0,0,0,0,0,0,0,0,0,0,0,0,0,0,0,0,0,0,0,0,0,0,0,0,0,0,0,0,0,0,0,0,0,0,0,0,0,0,0,0,0,0,0,0,0,0,0,0,0,0,0,0,0,0,0,0,0,0,0,0,0,0,0,0,0,0,0,0,0,0,0,0,0,0,0,0,0,0,0,0,0,0,0,0,0,0,0,0,0,0,0,0,0,0,0,0,0,0,0,0,0,0,0,0,0,0,0,0,0,0,0,0,0,0,0,0,0,0,0,0,0,0,0,0,0,0,0,0,0,0,0,0,0,0,0,0,0,0,0,0,0,0,0,0,0,0,0,0,0,0,0,0,0,0,0,0,0,0,0,0,0,0,0,0,0,0,0,0,0,0,0,0,0,0,0,0,0,0,0,0,0,0,0,0,0,0,0,0,0,0,0,0,0,0,0,0,0,0,0,0,0,0,0,0,0,0,0,0,0,0,0,0,0,0,0,0,0,0,0,0,0,0,0,0,0,0,0,0,0,0,0,0,0,0,0,0,0,0,0,0,0,0,0;23,183,833,2715,7117,16029,32299,59789,103531,169883,266685,403415,591345,843697,1175799,1605241,2152031,2838751,3690713,4736115,6006197,7535397,9361507,11525829,14073331,17052803,20517013,24522863,29131545,34408697,40424559,47254129,54977319,63679111,73449713,84384715,96585245,110158125,125216027,141877629,160267771,180517611,202764781,227153543,253834945,282966977,314714727,349250537,386754159,427412911,471421833,518983843,570309893,625619125,685139027,749105589,817763459,891366099,970175941,1054464543,1144512745,1240610825,1343058655,1452165857,1568251959,1691646551,1822689441,1961730811,2109131373,2265262525,2430506507,2605256557,2789917067,2984903739,3190643741,3407575863,3636150673,3876830673,4130090455,4396416857,4676309119,4970279039,5278851129,5602562771,5941964373,6297619525,6670105155,7060011685,7467943187,7894517539,8340366581,8806136271,9292486841,9800092953,10329643855,10881843537,11457410887,12057079847,12681599569,13331734571
5,5,4,4,3,3;3,8,-4,-20,-12,1;91,254,0,0,0,0,0,0,0,0,0,0,0,0,0,0,0,0,0,0,0,0,0,0,0,0,0,0,0,0,0,0,0,0,0,0,0,0,0,0,0,0,0,0,0,0,0,0,0,0,0,0,0,0,0,0,0,0,0,0,0,0,0,0,0,0,0,0,0,0,0,0,0,0,0,0,0,0,0,0,0,0,0,0,0,0,0,0,0,0,0,0,0,0,0,0,0,0,0,0,0,0,0,0,0,0,0,0,0,0,0,0,0,0,0,0,0,0,0,0,0,0,0,0,0,0,0,0,0,0,0,0,0,0,0,0,0,0,0,0,0,0,0,0,0,0,0,0,0,0,0,0,0,0,0,0,0,0,0,0,0,0,0,0,0,0,0,0,0,0,0,0,0,0,0,0,0,0,0,0,0,0,0,0,0,0,0,0,0,0,0,0,0,0,0,0,0,0,0,0,0,0,0,0,0,0,0,0,0,0,0,0,0,0,0,0,0,0,0,0,0,0,0,0,0,0,0,0,0,0,0,0,0,0,0,0,0,0,0,0,0,0,0,0,0,0,0,0,0,0,0,0;25,211,987,3261,8613,19487,39383,73049,126673,208075,326899,494805,725661,1035735,1443887,1971761,2643977,3488323,4535947,5821549,7383573,9264399,11510535,14172809,17306561,20971835,25233571,30161797,35831821,42324423,49726047,58128993,67631609,78338483,90360635,103815709,118828165,135529471,154058295,174560697,197190321,222108587,249484883,279496757,312330109,348179383,387247759,429747345,475899369,525934371,580092395,638623181,701786357,769851631,843098983,921818857,1006312353,1096891419,1193879043,1297609445,1408428269,1526692775,1652772031,1787047105,1929911257,2081770131,2243041947,2414157693,2595561317,2787709919,2991073943,3206137369,3433397905,3673367179,3926570931,4193549205,4474856541,4771062167,5082750191,5410519793,5754985417,6116776963,6496539979,6894935853,7312642005,7750352079,8208776135,8688640841,9190689665,9715683067,10264398691,10837631557,11436194253,12060917127,12712648479,13392254753,14100620729,14838649715,15607263739,16407403741
5,5,4,4,4,2;4,6,-9,-22,-12,1;87,254,0,0,0,0,0,0,0,0,0,0,0,0,0,0,0,0,0,0,0,0,0,0,0,0,0,0,0,0,0,0,0,0,0,0,0,0,0,0,0,0,0,0,0,0,0,0,0,0,0,0,0,0,0,0,0,0,0,0,0,0,0,0,0,0,0,0,0,0,0,0,0,0,0,0,0,0,0,0,0,0,0,0,0,0,0,0,0,0,0,0,0,0,0,0,0,0,0,0,0,0,0,0,0,0,0,0,0,0,0,0,0,0,0,0,0,0,0,0,0,0,0,0,0,0,0,0,0,0,0,0,0,0,0,0,0,0,0,0,0,0,0,0,0,0,0,0,0,0,0,0,0,0,0,0,0,0,0,0,0,0,0,0,0,0,0,0,0,0,0,0,0,0,0,0,0,0,0,0,0,0,0,0,0,0,0,0,0,0,0,0,0,0,0,0,0,0,0,0,0,0,0,0,0,0,0,0,0,0,0,0,0,0,0,0,0,0,0,0,0,0,0,0,0,0,0,0,0,0,0,0,0,0,0,0,0,0,0,0,0,0,0,0,0,0,0,0,0,0,0,0;25,205,945,3099,8151,18395,37115,68765,119149,195601,307165,464775,681435,972399,1355351,1850585,2481185,3273205,4255849,5461651,6926655,8690595,10797075,13293749,16232501,19669625,23666005,28287295,33604099,39692151,46632495,54511665,63421865,73461149,84733601,97349515,111425575,127085035,144457899,163681101,184898685,208261985,233929805,262068599,292852651,326464255,363093895,402940425,446211249,493122501,543899225,598775555,657994895,721810099,790483651,864287845,943504965,1028427465,1119358149,1216610351,1320508115,1431386375,1549591135,1675479649,1809420601,1951794285,2102992785,2263420155,2433492599,2613638651,2804299355,3005928445,3218992525,3443971249,3681357501,3931657575,4195391355,4473092495,4765308599,5072601401,5395546945,5734735765,6090773065,6464278899,6855888351,7266251715,7696034675,8145918485,8616600149,9108792601,9623224885,10160642335,10721806755,11307496599,11918507151,12555650705,13219756745,13911672125,14632261249,15382406251
5,5,4,4,4,4;-12,-24,-13,1;123,254,0,0,0,0,0,0,0,0,0,0,0,0,0,0,0,0,0,0,0,0,0,0,0,0,0,0,0,0,0,0,0,0,0,0,0,0,0,0,0,0,0,0,0,0,0,0,0,0,0,0,0,0,0,0,0,0,0,0,0,0,0,0,0,0,0,0,0,0,0,0,0,0,0,0,0,0,0,0,0,0,0,0,0,0,0,0,0,0,0,0,0,0,0,0,0,0,0,0,0,0,0,0,0,0,0,0,0,0,0,0,0,0,0,0,0,0,0,0,0,0,0,0,0,0,0,0,0,0,0,0,0,0,0,0,0,0,0,0,0,0,0,0,0,0,0,0,0,0,0,0,0,0,0,0,0,0,0,0,0,0,0,0,0,0,0,0,0,0,0,0,0,0,0,0,0,0,0,0,0,0,0,0,0,0,0,0,0,0,0,0,0,0,0,0,0,0,0,0,0,0,0,0,0,0,0,0,0,0,0,0,0,0,0,0,0,0,0,0,0,0,0,0,0,0,0,0,0,0,0,0,0,0,0,0,0,0,0,0,0,0,0,0,0,0,0,0,0,0,0,0;27,235,1113,3699,9801,22217,44955,83453,144799,237951,373957,566175,830493,1185549,1652951,2257497,3027395,3994483,5194449,6667051,8456337,10610865,13183923,16233749,19823751,24022727,28905085,34551063,41046949,48485301,56965167,66592305,77479403,89746299,103520201,118935907,136136025,155271193,176500299,199990701,225918447,254468495,285834933,320221199,357840301,398915037,443678215,492372873,545252499,602581251,664634177,731697435,804068513,882056449,965982051,1056178117,1152989655,1256774103,1367901549,1486754951,1613730357,1749237125,1893698143,2047550049,2211243451,2385243147,2570028345,2766092883,2973945449,3194109801,3427124987,3673545565,3933941823,4208899999,4499022501,4804928127,5127252285,5466647213,5823782199,6199343801,6594036067,7008580755,7443717553,7900204299,8378817201,8880351057,9405619475,9955455093,10530709799,11132254951,11760981597,12417800695,13103643333,13819460949,14566225551,15344929937,16156587915,17002234523,17882926249,18799741251
5,5,5,3,3,3;-9,-20,-12,1;31,254,0,0,0,0,0,0,0,0,0,0,0,0,0,0,0,0,0,0,0,0,0,0,0,0,0,0,0,0,0,0,0,0,0,0,0,0,0,0,0,0,0,0,0,0,0,0,0,0,0,0,0,0,0,0,0,0,0,0,0,0,0,0,0,0,0,0,0,0,0,0,0,0,0,0,0,0,0,0,0,0,0,0,0,0,0,0,0,0,0,0,0,0,0,0,0,0,0,0,0,0,0,0,0,0,0,0,0,0,0,0,0,0,0,0,0,0,0,0,0,0,0,0,0,0,0,0,0,0,0,0,0,0,0,0,0,0,0,0,0,0,0,0,0,0,0,0,0,0,0,0,0,0,0,0,0,0,0,0,0,0,0,0,0,0,0,0,0,0,0,0,0,0,0,0,0,0,0,0,0,0,0,0,0,0,0,0,0,0,0,0,0,0,0,0,0,0,0,0,0,0,0,0,0,0,0,0,0,0,0,0,0,0,0,0,0,0,0,0,0,0,0,0,0,0,0,0,0,0,0,0,0,0,0,0,0,0,0,0,0,0,0,0,0,0,0,0,0,0,0,0;25,205,945,3099,8151,18395,37115,68765,119149,195601,307165,464775,681435,972399,1355351,1850585,2481185,3273205,4255849,5461651,6926655,8690595,10797075,13293749,16232501,19669625,23666005,28287295,33604099,39692151,46632495,54511665,63421865,73461149,84733601,97349515,111425575,127085035,144457899,163681101,184898685,208261985,233929805,262068599,292852651,326464255,363093895,402940425,446211249,493122501,543899225,598775555,657994895,721810099,790483651,864287845,943504965,1028427465,1119358149,1216610351,1320508115,1431386375,1549591135,1675479649,1809420601,1951794285,2102992785,2263420155,2433492599,2613638651,2804299355,3005928445,3218992525,3443971249,3681357501,3931657575,4195391355,4473092495,4765308599,5072601401,5395546945,5734735765,6090773065,6464278899,6855888351,7266251715,7696034675,8145918485,8616600149,9108792601,9623224885,10160642335,10721806755,11307496599,11918507151,12555650705,13219756745,13911672125,14632261249,15382406251
5,5,5,4,4,3;3,2,-15,-26,-13,1;95,254,0,0,0,0,0,0,0,0,0,0,0,0,0,0,0,0,0,0,0,0,0,0,0,0,0,0,0,0,0,0,0,0,0,0,0,0,0,0,0,0,0,0,0,0,0,0,0,0,0,0,0,0,0,0,0,0,0,0,0,0,0,0,0,0,0,0,0,0,0,0,0,0,0,0,0,0,0,0,0,0,0,0,0,0,0,0,0,0,0,0,0,0,0,0,0,0,0,0,0,0,0,0,0,0,0,0,0,0,0,0,0,0,0,0,0,0,0,0,0,0,0,0,0,0,0,0,0,0,0,0,0,0,0,0,0,0,0,0,0,0,0,0,0,0,0,0,0,0,0,0,0,0,0,0,0,0,0,0,0,0,0,0,0,0,0,0,0,0,0,0,0,0,0,0,0,0,0,0,0,0,0,0,0,0,0,0,0,0,0,0,0,0,0,0,0,0,0,0,0,0,0,0,0,0,0,0,0,0,0,0,0,0,0,0,0,0,0,0,0,0,0,0,0,0,0,0,0,0,0,0,0,0,0,0,0,0,0,0,0,0,0,0,0,0,0,0,0,0,0,0;27,231,1085,3591,9493,21489,43443,80597,139783,229635,360801,546155,801009,1143325,1593927,2176713,2918867,3851071,5007717,6427119,8151725,10228329,12708283,15647709,19107711,23154587,27860041,33301395,39561801,46730453,54902799,64180753,74672907,86494743,99768845,114625111,131200965,149641569,170100035,192737637,217724023,245237427,275464881,308602427,344855329,384438285,427575639,474501593,525460419,580706671,640505397,705132351,774874205,850028761,930905163,1017824109,1111118063,1211131467,1318220953,1432755555,1555116921,1685699525,1824910879,1973171745,2130916347,2298592583,2476662237,2665601191,2865899637,3078062289,3302608595,3540072949,3791004903,4055969379,4335546881,4630333707,4940942161,5268000765,5612154471,5974064873,6354410419,6753886623,7173206277,7613099663,8074314765,8557617481,9063791835,9593640189,10147983455,10727661307,11333532393,11966474547,12627385001,13317180597,14036797999,14787193905,15569345259,16384249463,17232924589,18116409591
5,5,5,5,4,4;-8,-27,-32,-14,1;127,254,0,0,0,0,0,0,0,0,0,0,0,0,0,0,0,0,0,0,0,0,0,0,0,0,0,0,0,0,0,0,0,0,0,0,0,0,0,0,0,0,0,0,0,0,0,0,0,0,0,0,0,0,0,0,0,0,0,0,0,0,0,0,0,0,0,0,0,0,0,0,0,0,0,0,0,0,0,0,0,0,0,0,0,0,0,0,0,0,0,0,0,0,0,0,0,0,0,0,0,0,0,0,0,0,0,0,0,0,0,0,0,0,0,0,0,0,0,0,0,0,0,0,0,0,0,0,0,0,0,0,0,0,0,0,0,0,0,0,0,0,0,0,0,0,0,0,0,0,0,0,0,0,0,0,0,0,0,0,0,0,0,0,0,0,0,0,0,0,0,0,0,0,0,0,0,0,0,0,0,0,0,0,0,0,0,0,0,0,0,0,0,0,0,0,0,0,0,0,0,0,0,0,0,0,0,0,0,0,0,0,0,0,0,0,0,0,0,0,0,0,0,0,0,0,0,0,0,0,0,0,0,0,0,0,0,0,0,0,0,0,0,0,0,0,0,0,0,0,0,0;29,253,1197,3975,10527,23855,48259,89573,155401,255353,401281,607515,891099,1272027,1773479,2422057,3248021,4285525,5572853,7152655,9072183,11383527,14143851,17415629,21266881,25771409,31009033,37065827,44034355,52013907,61110735,71438289,83117453,96276781,111052733,127589911,146041295,166568479,189341907,214541109,242354937,272981801,306629905,343517483,383873035,427935563,475954807,528191481,584917509,646416261,712982789,784924063,862559207,946219735,1036249787,1133006365,1236859569,1348192833,1467403161,1594901363,1731112291,1876475075,2031443359,2196485537,2372084989,2558740317,2756965581,2967290535,3190260863,3426438415,3676401443,3940744837,4220080361,4515036889,4826260641,5154415419,5500182843,5864262587,6247372615,6650249417,7073648245,7518343349,7985128213,8474815791,8988238743,9526249671,10089721355,10679546989,11296640417,11941936369,12616390697,13320980611,14056704915,14824584243,15625661295,16461001073,17331691117,18238841741,19183586269,20167081271
5,5,5,5,5,5;-5,-24,-45,-40,-15,1;255,254,0,0,0,0,0,0,0,0,0,0,0,0,0,0,0,0,0,0,0,0,0,0,0,0,0,0,0,0,0,0,0,0,0,0,0,0,0,0,0,0,0,0,0,0,0,0,0,0,0,0,0,0,0,0,0,0,0,0,0,0,0,0,0,0,0,0,0,0,0,0,0,0,0,0,0,0,0,0,0,0,0,0,0,0,0,0,0,0,0,0,0,0,0,0,0,0,0,0,0,0,0,0,0,0,0,0,0,0,0,0,0,0,0,0,0,0,0,0,0,0,0,0,0,0,0,0,0,0,0,0,0,0,0,0,0,0,0,0,0,0,0,0,0,0,0,0,0,0,0,0,0,0,0,0,0,0,0,0,0,0,0,0,0,0,0,0,0,0,0,0,0,0,0,0,0,0,0,0,0,0,0,0,0,0,0,0,0,0,0,0,0,0,0,0,0,0,0,0,0,0,0,0,0,0,0,0,0,0,0,0,0,0,0,0,0,0,0,0,0,0,0,0,0,0,0,0,0,0,0,0,0,0,0,0,0,0,0,0,0,0,0,0,0,0,0,0,0,0,0,0;31,271,1281,4251,11253,25493,51563,95693,166003,272755,428605,648855,951705,1358505,1894007,2586617,3468647,4576567,5951257,7638259,9688029,12156189,15103779,18597509,22710011,27520091,33112981,39580591,47021761,55542513,65256303,76284273,88755503,102807263,118585265,136243915,155946565,177865765,202183515,229091517,258791427,291495107,327424877,366813767,409905769,456956089,508231399,564010089,624582519,690251271,761331401,838150691,921049901,1010383021,1106517523,1209834613,1320729483,1439611563,1566904773,1703047775,1848494225,2003713025,2169188575,2345421025,2532926527,2732237487,2943902817,3168488187,3406576277,3658767029,3925677899,4207944109,4506218899,4821173779,5153498781,5503902711,5873113401,6261877961,6670963031,7101155033,7553260423,8028105943,8526538873,9049427283,9597660285,10172148285,10773823235,11403638885,12062571035,12751617787,13471799797,14224160527,15009766497,15829707537,16685097039,17577072209,18506794319,19475448959,20484246289,21534421291
